
GPIO_Toggle.elf:     file format elf32-littleriscv
GPIO_Toggle.elf
architecture: riscv:rv32, flags 0x00000112:
EXEC_P, HAS_SYMS, D_PAGED
start address 0x00000000

Program Header:
    LOAD off    0x00001000 vaddr 0x00000000 paddr 0x00000000 align 2**12
         filesz 0x00001e24 memsz 0x00001e24 flags r-x
    LOAD off    0x00003000 vaddr 0x20000000 paddr 0x00001e24 align 2**12
         filesz 0x00000098 memsz 0x000000c0 flags rw-
    LOAD off    0x00003800 vaddr 0x20004800 paddr 0x20004800 align 2**12
         filesz 0x00000000 memsz 0x00000800 flags rw-

Sections:
Idx Name          Size      VMA       LMA       File off  Algn
  0 .init         00000004  00000000  00000000  00001000  2**1
                  CONTENTS, ALLOC, LOAD, READONLY, CODE
  1 .vector       0000013c  00000004  00000004  00001004  2**1
                  CONTENTS, ALLOC, LOAD, READONLY, CODE
  2 .text         00001ce4  00000140  00000140  00001140  2**2
                  CONTENTS, ALLOC, LOAD, READONLY, CODE
  3 .fini         00000000  00001e24  00001e24  00003098  2**0
                  CONTENTS, ALLOC, LOAD, CODE
  4 .dalign       00000000  20000000  20000000  00003098  2**0
                  CONTENTS
  5 .dlalign      00000000  00001e24  00001e24  00003098  2**0
                  CONTENTS
  6 .data         00000098  20000000  00001e24  00003000  2**2
                  CONTENTS, ALLOC, LOAD, DATA
  7 .bss          00000028  20000098  00001ebc  00003098  2**2
                  ALLOC
  8 .stack        00000800  20004800  20004800  00003800  2**0
                  ALLOC
  9 .debug_info   00008781  00000000  00000000  00003098  2**0
                  CONTENTS, READONLY, DEBUGGING
 10 .debug_abbrev 000019f2  00000000  00000000  0000b819  2**0
                  CONTENTS, READONLY, DEBUGGING
 11 .debug_aranges 00000440  00000000  00000000  0000d210  2**3
                  CONTENTS, READONLY, DEBUGGING
 12 .debug_ranges 000003d8  00000000  00000000  0000d650  2**3
                  CONTENTS, READONLY, DEBUGGING
 13 .debug_line   00005e9e  00000000  00000000  0000da28  2**0
                  CONTENTS, READONLY, DEBUGGING
 14 .debug_str    00001ae1  00000000  00000000  000138c6  2**0
                  CONTENTS, READONLY, DEBUGGING
 15 .comment      00000032  00000000  00000000  000153a7  2**0
                  CONTENTS, READONLY
 16 .debug_frame  000010d4  00000000  00000000  000153dc  2**2
                  CONTENTS, READONLY, DEBUGGING
 17 .debug_loc    00001acf  00000000  00000000  000164b0  2**0
                  CONTENTS, READONLY, DEBUGGING
 18 .stab         00000084  00000000  00000000  00017f80  2**2
                  CONTENTS, READONLY, DEBUGGING
 19 .stabstr      00000117  00000000  00000000  00018004  2**0
                  CONTENTS, READONLY, DEBUGGING
SYMBOL TABLE:
00000000 l    d  .init	00000000 .init
00000004 l    d  .vector	00000000 .vector
00000140 l    d  .text	00000000 .text
00001e24 l    d  .fini	00000000 .fini
20000000 l    d  .dalign	00000000 .dalign
00001e24 l    d  .dlalign	00000000 .dlalign
20000000 l    d  .data	00000000 .data
20000098 l    d  .bss	00000000 .bss
20004800 l    d  .stack	00000000 .stack
00000000 l    d  .debug_info	00000000 .debug_info
00000000 l    d  .debug_abbrev	00000000 .debug_abbrev
00000000 l    d  .debug_aranges	00000000 .debug_aranges
00000000 l    d  .debug_ranges	00000000 .debug_ranges
00000000 l    d  .debug_line	00000000 .debug_line
00000000 l    d  .debug_str	00000000 .debug_str
00000000 l    d  .comment	00000000 .comment
00000000 l    d  .debug_frame	00000000 .debug_frame
00000000 l    d  .debug_loc	00000000 .debug_loc
00000000 l    d  .stab	00000000 .stab
00000000 l    d  .stabstr	00000000 .stabstr
00000000 l    df *ABS*	00000000 ./Startup/startup_ch32l103.o
00000004 l       .vector	00000000 _vector_base
00000000 l    df *ABS*	00000000 ch32l103_it.c
00000000 l    df *ABS*	00000000 main.c
00000000 l    df *ABS*	00000000 system_ch32l103.c
00000000 l    df *ABS*	00000000 ch32l103_dbgmcu.c
00000000 l    df *ABS*	00000000 ch32l103_gpio.c
00000000 l    df *ABS*	00000000 ch32l103_misc.c
00000000 l    df *ABS*	00000000 ch32l103_rcc.c
20000010 l     O .data	00000010 PBHBPrescTable
20000084 l     O .data	00000004 ADCPrescTable
00000000 l    df *ABS*	00000000 ch32l103_usart.c
00000000 l    df *ABS*	00000000 debug.c
200000b0 l     O .bss	00000002 p_ms
200000b2 l     O .bss	00000002 p_us
20000088 l     O .data	00000004 curbrk.4981
00000000 l    df *ABS*	00000000 printf.c
00000000 l    df *ABS*	00000000 puts.c
00000000 l    df *ABS*	00000000 wbuf.c
00000000 l    df *ABS*	00000000 wsetup.c
00000000 l    df *ABS*	00000000 fflush.c
00000000 l    df *ABS*	00000000 findfp.c
00001008 l     F .text	00000066 std
00000000 l    df *ABS*	00000000 fwalk.c
00000000 l    df *ABS*	00000000 makebuf.c
00000000 l    df *ABS*	00000000 nano-mallocr.c
00000000 l    df *ABS*	00000000 nano-mallocr.c
00000000 l    df *ABS*	00000000 nano-vfprintf.c
0000148e l     F .text	00000028 __sfputc_r
00000000 l    df *ABS*	00000000 nano-vfprintf_i.c
00000000 l    df *ABS*	00000000 sbrkr.c
00000000 l    df *ABS*	00000000 stdio.c
00000000 l    df *ABS*	00000000 writer.c
00000000 l    df *ABS*	00000000 closer.c
00000000 l    df *ABS*	00000000 fstatr.c
00000000 l    df *ABS*	00000000 isattyr.c
00000000 l    df *ABS*	00000000 lseekr.c
00000000 l    df *ABS*	00000000 memchr.c
00000000 l    df *ABS*	00000000 mlock.c
00000000 l    df *ABS*	00000000 readr.c
00000000 l    df *ABS*	00000000 close.c
00000000 l    df *ABS*	00000000 fstat.c
00000000 l    df *ABS*	00000000 isatty.c
00000000 l    df *ABS*	00000000 lseek.c
00000000 l    df *ABS*	00000000 read.c
00000000 l    df *ABS*	00000000 impure.c
20000020 l     O .data	00000060 impure_data
00000000 l    df *ABS*	00000000 reent.c
00000466  w      .text	00000000 EXTI2_IRQHandler
00001c7a g     F .text	00000028 _isatty_r
00000bde g     F .text	000000d4 _puts_r
00001ca2 g     F .text	0000002c _lseek_r
00000b9e g     F .text	00000040 printf
20000880 g       .data	00000000 __global_pointer$
00000148 g     F .text	00000028 .hidden __riscv_save_8
00000466  w      .text	00000000 TIM1_CC_IRQHandler
00001bc4 g     F .text	00000030 __sseek
000010be g     F .text	00000066 __sinit
00000cbc g     F .text	000000bc __swbuf_r
0000024a g     F .text	00000010 HardFault_Handler
00001078 g     F .text	00000046 __sfmoreglue
00001ce8 g     F .text	00000002 __malloc_unlock
00000466  w      .text	00000000 USBPD_IRQHandler
00000194 g     F .text	0000000c .hidden __riscv_restore_3
00000466  w      .text	00000000 SysTick_Handler
00000466  w      .text	00000000 PVD_IRQHandler
00000180 g     F .text	00000020 .hidden __riscv_restore_10
00000248 g     F .text	00000002 NMI_Handler
00000466  w      .text	00000000 EXTI3_IRQHandler
00000148 g     F .text	00000028 .hidden __riscv_save_11
000004ee g     F .text	00000006 DBGMCU_GetCHIPID
00000a7e g     F .text	0000000a USART_GetFlagStatus
00001c50 g     F .text	0000002a _fstat_r
200000a8 g     O .bss	00000002 USBPD_CFG
200000bc g     O .bss	00000004 errno
20000098 g       .bss	00000000 _sbss
00000800 g       *ABS*	00000000 __stack_size
00000ade g     F .text	00000060 USART_Printf_Init
00000466  w      .text	00000000 USBFS_IRQHandler
00000194 g     F .text	0000000c .hidden __riscv_restore_2
0000106e g     F .text	0000000a _cleanup_r
000005be g     F .text	0000012c GPIO_PinRemapConfig
00000466  w      .text	00000000 EXTI0_IRQHandler
00000466  w      .text	00000000 I2C2_EV_IRQHandler
00000466  w      .text	00000000 LPTIM_IRQHandler
00000cb2 g     F .text	0000000a puts
20000080 g     O .data	00000004 SystemCoreClock
00001d22 g     F .text	0000000c _fstat
00000004 g       .init	00000000 _einit
00000140 g     F .text	00000030 .hidden __riscv_save_12
000004f4 g     F .text	000000c0 GPIO_Init
00000466  w      .text	00000000 Break_Point_Handler
00000180 g     F .text	00000020 .hidden __riscv_restore_11
200000ac g     O .bss	00000004 NVIC_Priority_Group
00000466  w      .text	00000000 SPI1_IRQHandler
00000a60 g     F .text	00000016 USART_Cmd
00001b26 g     F .text	0000002a _sbrk_r
2000009c g     O .bss	00000004 CHIPID
00000466  w      .text	00000000 TAMPER_IRQHandler
00000170 g     F .text	0000000c .hidden __riscv_save_1
00000194 g     F .text	0000000c .hidden __riscv_restore_0
00001cea g     F .text	0000002c _read_r
00000156 g     F .text	0000001a .hidden __riscv_save_7
00000466  w      .text	00000000 Ecall_M_Mode_Handler
20004800 g       .stack	00000000 _heap_end
00001d2e g     F .text	0000000c _isatty
20000090 g     O .data	00000004 _global_impure_ptr
0000018a g     F .text	00000016 .hidden __riscv_restore_5
20000098 g     O .bss	00000002 ADC_Trim
00000466  w      .text	00000000 DMA1_Channel4_IRQHandler
00000b78 g     F .text	00000026 _sbrk
0000018a g     F .text	00000016 .hidden __riscv_restore_6
00000466  w      .text	00000000 USART3_IRQHandler
00000466  w      .text	00000000 RTC_IRQHandler
200000c0 g       .bss	00000000 _ebss
00000466  w      .text	00000000 DMA1_Channel7_IRQHandler
00000a88 g     F .text	00000020 Delay_Init
00000988 g     F .text	0000001e RCC_PB2PeriphClockCmd
000006ea g     F .text	000001c2 GPIO_IPD_Unused
00000466  w      .text	00000000 USBPDWakeUp_IRQHandler
00000466  w      .text	00000000 TIM4_IRQHandler
00000148 g     F .text	00000028 .hidden __riscv_save_9
000005b4 g     F .text	0000000a GPIO_WriteBit
00001d88 g     O .text	00000020 __sf_fake_stderr
00000156 g     F .text	0000001a .hidden __riscv_save_4
00000466  w      .text	00000000 I2C1_EV_IRQHandler
0000025a g     F .text	00000030 GPIO_Toggle_INIT
00000466  w      .text	00000000 USART4_IRQHandler
000008b2 g     F .text	000000d6 RCC_GetClocksFreq
00000466  w      .text	00000000 DMA1_Channel6_IRQHandler
000014b6 g     F .text	00000040 __sfputs_r
200000a4 g     O .bss	00000004 TS_Val
00001cce g     F .text	00000018 memchr
000009a6 g     F .text	000000ba USART_Init
00001312 g     F .text	000000a8 _free_r
00000466  w      .text	00000000 TIM3_IRQHandler
00000466  w      .text	00000000 RCC_IRQHandler
00000170 g     F .text	0000000c .hidden __riscv_save_3
00000466  w      .text	00000000 TIM1_TRG_COM_IRQHandler
00000466  w      .text	00000000 DMA1_Channel1_IRQHandler
00000000 g       .init	00000000 _start
00001d3a g     F .text	0000000c _lseek
00000466  w      .text	00000000 EXTI15_10_IRQHandler
00000466  w      .text	00000000 ADC_IRQHandler
200000a0 g     O .bss	00000004 OPA_Trim
00000466  w      .text	00000000 DMA1_Channel8_IRQHandler
00001c28 g     F .text	00000028 _close_r
20000000 g       .dalign	00000000 _data_vma
00000d78 g     F .text	000000fc __swsetup_r
00000466  w      .text	00000000 EXTI9_5_IRQHandler
00001124 g     F .text	0000009c __sfp
00000148 g     F .text	00000028 .hidden __riscv_save_10
00001b50 g     F .text	0000002c __sread
00001ce6 g     F .text	00000002 __malloc_lock
0000018a g     F .text	00000016 .hidden __riscv_restore_4
00000180 g     F .text	00000020 .hidden __riscv_restore_8
00000fa4 g     F .text	00000064 _fflush_r
00000156 g     F .text	0000001a .hidden __riscv_save_6
00000466  w      .text	00000000 SPI2_IRQHandler
00001da8 g     O .text	00000020 __sf_fake_stdin
000001a0 g     F .text	000000a8 memset
00000180 g     F .text	00000020 .hidden __riscv_restore_9
0000018a g     F .text	00000016 .hidden __riscv_restore_7
0000028a g     F .text	0000007e main
00001bf4 g     F .text	00000006 __sclose
000013ba g     F .text	000000d4 _malloc_r
00000466  w      .text	00000000 DMA1_Channel5_IRQHandler
00000466  w      .text	00000000 EXTI4_IRQHandler
00000aa8 g     F .text	00000036 Delay_Ms
00000466  w      .text	00000000 USB_LP_CAN1_RX0_IRQHandler
00000308 g     F .text	000000ba SystemInit
00000b9e g     F .text	00000040 iprintf
00000466  w      .text	00000000 USB_HP_CAN1_TX_IRQHandler
00000000 g       .init	00000000 _sinit
00000466  w      .text	00000000 CMPWakeUp_IRQHandler
00001bfa g     F .text	0000002e _write_r
00000466  w      .text	00000000 DMA1_Channel3_IRQHandler
0000177a g     F .text	0000010c _printf_common
2000008c g     O .data	00000004 _impure_ptr
00000466  w      .text	00000000 TIM1_UP_IRQHandler
00000e74 g     F .text	00000130 __sflush_r
00000466  w      .text	00000000 LPTIMWakeUp_IRQHandler
00000466  w      .text	00000000 WWDG_IRQHandler
00000466  w      .text	00000000 Ecall_U_Mode_Handler
00000466  w      .text	00000000 TIM2_IRQHandler
20005000 g       .stack	00000000 _eusrstack
00000170 g     F .text	0000000c .hidden __riscv_save_2
00000466  w      .text	00000000 SW_Handler
00000466  w      .text	00000000 TIM1_BRK_IRQHandler
0000122a g     F .text	00000058 __swhatbuf_r
00000a76 g     F .text	00000008 USART_SendData
00000466  w      .text	00000000 OPA_IRQHandler
00000466  w      .text	00000000 EXTI1_IRQHandler
00000156 g     F .text	0000001a .hidden __riscv_save_5
00000b3e g     F .text	0000003a _write
20000098 g       .data	00000000 _edata
200000c0 g       .bss	00000000 _end
00000466  w      .text	00000000 RTCAlarm_IRQHandler
00001e24 g       .dlalign	00000000 _data_lma
00000466  w      .text	00000000 USART2_IRQHandler
00001b7c g     F .text	00000048 __swrite
000014f6 g     F .text	00000284 _vfiprintf_r
000011c0 g     F .text	0000006a _fwalk_reent
000003c2 g     F .text	000000a4 SystemCoreClockUpdate
00000466  w      .text	00000000 I2C2_ER_IRQHandler
00000466  w      .text	00000000 DMA1_Channel2_IRQHandler
00001dc8 g     O .text	00000020 __sf_fake_stdout
20000000 g     O .data	00000010 HBPrescTable
0000017c g     F .text	00000024 .hidden __riscv_restore_12
00001d46 g     F .text	0000000c _read
00000468  w      .text	00000000 handle_reset
00000466  w      .text	00000000 CAN1_SCE_IRQHandler
00000466  w      .text	00000000 FLASH_IRQHandler
00000170 g     F .text	0000000c .hidden __riscv_save_0
00000466  w      .text	00000000 USBFSWakeUp_IRQHandler
00000466  w      .text	00000000 USART1_IRQHandler
00001282 g     F .text	00000090 __smakebuf_r
00001886 g     F .text	000002a0 _printf_i
200000b8 g     O .bss	00000004 __malloc_sbrk_start
00000466  w      .text	00000000 I2C1_ER_IRQHandler
000008ac g     F .text	00000006 NVIC_PriorityGroupConfig
200000b4 g     O .bss	00000004 __malloc_free_list
00000194 g     F .text	0000000c .hidden __riscv_restore_1
000014f6 g     F .text	00000284 _vfprintf_r
00001d16 g     F .text	0000000c _close



Disassembly of section .init:

00000000 <_sinit>:
   0:	4680006f          	j	468 <handle_reset>

Disassembly of section .vector:

00000004 <_vector_base>:
	...
   c:	0248                	addi	a0,sp,260
   e:	0000                	unimp
  10:	024a                	slli	tp,tp,0x12
  12:	0000                	unimp
  14:	0000                	unimp
  16:	0000                	unimp
  18:	0466                	slli	s0,s0,0x19
	...
  22:	0000                	unimp
  24:	0466                	slli	s0,s0,0x19
  26:	0000                	unimp
  28:	0466                	slli	s0,s0,0x19
	...
  32:	0000                	unimp
  34:	0466                	slli	s0,s0,0x19
  36:	0000                	unimp
  38:	0000                	unimp
  3a:	0000                	unimp
  3c:	0466                	slli	s0,s0,0x19
  3e:	0000                	unimp
  40:	0000                	unimp
  42:	0000                	unimp
  44:	0466                	slli	s0,s0,0x19
  46:	0000                	unimp
  48:	0466                	slli	s0,s0,0x19
  4a:	0000                	unimp
  4c:	0466                	slli	s0,s0,0x19
  4e:	0000                	unimp
  50:	0466                	slli	s0,s0,0x19
  52:	0000                	unimp
  54:	0466                	slli	s0,s0,0x19
  56:	0000                	unimp
  58:	0466                	slli	s0,s0,0x19
  5a:	0000                	unimp
  5c:	0466                	slli	s0,s0,0x19
  5e:	0000                	unimp
  60:	0466                	slli	s0,s0,0x19
  62:	0000                	unimp
  64:	0466                	slli	s0,s0,0x19
  66:	0000                	unimp
  68:	0466                	slli	s0,s0,0x19
  6a:	0000                	unimp
  6c:	0466                	slli	s0,s0,0x19
  6e:	0000                	unimp
  70:	0466                	slli	s0,s0,0x19
  72:	0000                	unimp
  74:	0466                	slli	s0,s0,0x19
  76:	0000                	unimp
  78:	0466                	slli	s0,s0,0x19
  7a:	0000                	unimp
  7c:	0466                	slli	s0,s0,0x19
  7e:	0000                	unimp
  80:	0466                	slli	s0,s0,0x19
  82:	0000                	unimp
  84:	0466                	slli	s0,s0,0x19
  86:	0000                	unimp
  88:	0466                	slli	s0,s0,0x19
  8a:	0000                	unimp
  8c:	0466                	slli	s0,s0,0x19
  8e:	0000                	unimp
  90:	0466                	slli	s0,s0,0x19
  92:	0000                	unimp
  94:	0466                	slli	s0,s0,0x19
  96:	0000                	unimp
  98:	0000                	unimp
  9a:	0000                	unimp
  9c:	0466                	slli	s0,s0,0x19
  9e:	0000                	unimp
  a0:	0466                	slli	s0,s0,0x19
  a2:	0000                	unimp
  a4:	0466                	slli	s0,s0,0x19
  a6:	0000                	unimp
  a8:	0466                	slli	s0,s0,0x19
  aa:	0000                	unimp
  ac:	0466                	slli	s0,s0,0x19
  ae:	0000                	unimp
  b0:	0466                	slli	s0,s0,0x19
  b2:	0000                	unimp
  b4:	0466                	slli	s0,s0,0x19
  b6:	0000                	unimp
  b8:	0466                	slli	s0,s0,0x19
  ba:	0000                	unimp
  bc:	0466                	slli	s0,s0,0x19
  be:	0000                	unimp
  c0:	0466                	slli	s0,s0,0x19
  c2:	0000                	unimp
  c4:	0466                	slli	s0,s0,0x19
  c6:	0000                	unimp
  c8:	0466                	slli	s0,s0,0x19
  ca:	0000                	unimp
  cc:	0466                	slli	s0,s0,0x19
  ce:	0000                	unimp
  d0:	0466                	slli	s0,s0,0x19
  d2:	0000                	unimp
  d4:	0466                	slli	s0,s0,0x19
  d6:	0000                	unimp
  d8:	0466                	slli	s0,s0,0x19
  da:	0000                	unimp
  dc:	0466                	slli	s0,s0,0x19
  de:	0000                	unimp
  e0:	0466                	slli	s0,s0,0x19
  e2:	0000                	unimp
  e4:	0466                	slli	s0,s0,0x19
  e6:	0000                	unimp
  e8:	0466                	slli	s0,s0,0x19
  ea:	0000                	unimp
  ec:	0466                	slli	s0,s0,0x19
  ee:	0000                	unimp
  f0:	0466                	slli	s0,s0,0x19
  f2:	0000                	unimp
  f4:	0466                	slli	s0,s0,0x19
  f6:	0000                	unimp
  f8:	0466                	slli	s0,s0,0x19
  fa:	0000                	unimp
  fc:	0466                	slli	s0,s0,0x19
  fe:	0000                	unimp
 100:	0466                	slli	s0,s0,0x19
 102:	0000                	unimp
 104:	0466                	slli	s0,s0,0x19
 106:	0000                	unimp
 108:	0466                	slli	s0,s0,0x19
 10a:	0000                	unimp
 10c:	0000                	unimp
 10e:	0000                	unimp
 110:	0466                	slli	s0,s0,0x19
 112:	0000                	unimp
 114:	0466                	slli	s0,s0,0x19
	...

Disassembly of section .text:

00000140 <__riscv_save_12>:
     140:	7139                	addi	sp,sp,-64
     142:	4301                	li	t1,0
     144:	c66e                	sw	s11,12(sp)
     146:	a019                	j	14c <__riscv_save_10+0x4>

00000148 <__riscv_save_10>:
     148:	7139                	addi	sp,sp,-64
     14a:	5341                	li	t1,-16
     14c:	c86a                	sw	s10,16(sp)
     14e:	ca66                	sw	s9,20(sp)
     150:	cc62                	sw	s8,24(sp)
     152:	ce5e                	sw	s7,28(sp)
     154:	a019                	j	15a <__riscv_save_4+0x4>

00000156 <__riscv_save_4>:
     156:	7139                	addi	sp,sp,-64
     158:	5301                	li	t1,-32
     15a:	d05a                	sw	s6,32(sp)
     15c:	d256                	sw	s5,36(sp)
     15e:	d452                	sw	s4,40(sp)
     160:	d64e                	sw	s3,44(sp)
     162:	d84a                	sw	s2,48(sp)
     164:	da26                	sw	s1,52(sp)
     166:	dc22                	sw	s0,56(sp)
     168:	de06                	sw	ra,60(sp)
     16a:	40610133          	sub	sp,sp,t1
     16e:	8282                	jr	t0

00000170 <__riscv_save_0>:
     170:	1141                	addi	sp,sp,-16
     172:	c04a                	sw	s2,0(sp)
     174:	c226                	sw	s1,4(sp)
     176:	c422                	sw	s0,8(sp)
     178:	c606                	sw	ra,12(sp)
     17a:	8282                	jr	t0

0000017c <__riscv_restore_12>:
     17c:	4db2                	lw	s11,12(sp)
     17e:	0141                	addi	sp,sp,16

00000180 <__riscv_restore_10>:
     180:	4d02                	lw	s10,0(sp)
     182:	4c92                	lw	s9,4(sp)
     184:	4c22                	lw	s8,8(sp)
     186:	4bb2                	lw	s7,12(sp)
     188:	0141                	addi	sp,sp,16

0000018a <__riscv_restore_4>:
     18a:	4b02                	lw	s6,0(sp)
     18c:	4a92                	lw	s5,4(sp)
     18e:	4a22                	lw	s4,8(sp)
     190:	49b2                	lw	s3,12(sp)
     192:	0141                	addi	sp,sp,16

00000194 <__riscv_restore_0>:
     194:	4902                	lw	s2,0(sp)
     196:	4492                	lw	s1,4(sp)
     198:	4422                	lw	s0,8(sp)
     19a:	40b2                	lw	ra,12(sp)
     19c:	0141                	addi	sp,sp,16
     19e:	8082                	ret

000001a0 <memset>:
     1a0:	433d                	li	t1,15
     1a2:	872a                	mv	a4,a0
     1a4:	02c37363          	bgeu	t1,a2,1ca <memset+0x2a>
     1a8:	00f77793          	andi	a5,a4,15
     1ac:	efbd                	bnez	a5,22a <memset+0x8a>
     1ae:	e5ad                	bnez	a1,218 <memset+0x78>
     1b0:	ff067693          	andi	a3,a2,-16
     1b4:	8a3d                	andi	a2,a2,15
     1b6:	96ba                	add	a3,a3,a4
     1b8:	c30c                	sw	a1,0(a4)
     1ba:	c34c                	sw	a1,4(a4)
     1bc:	c70c                	sw	a1,8(a4)
     1be:	c74c                	sw	a1,12(a4)
     1c0:	0741                	addi	a4,a4,16
     1c2:	fed76be3          	bltu	a4,a3,1b8 <memset+0x18>
     1c6:	e211                	bnez	a2,1ca <memset+0x2a>
     1c8:	8082                	ret
     1ca:	40c306b3          	sub	a3,t1,a2
     1ce:	068a                	slli	a3,a3,0x2
     1d0:	00000297          	auipc	t0,0x0
     1d4:	9696                	add	a3,a3,t0
     1d6:	00a68067          	jr	10(a3)
     1da:	00b70723          	sb	a1,14(a4)
     1de:	00b706a3          	sb	a1,13(a4)
     1e2:	00b70623          	sb	a1,12(a4)
     1e6:	00b705a3          	sb	a1,11(a4)
     1ea:	00b70523          	sb	a1,10(a4)
     1ee:	00b704a3          	sb	a1,9(a4)
     1f2:	00b70423          	sb	a1,8(a4)
     1f6:	00b703a3          	sb	a1,7(a4)
     1fa:	00b70323          	sb	a1,6(a4)
     1fe:	00b702a3          	sb	a1,5(a4)
     202:	00b70223          	sb	a1,4(a4)
     206:	00b701a3          	sb	a1,3(a4)
     20a:	00b70123          	sb	a1,2(a4)
     20e:	00b700a3          	sb	a1,1(a4)
     212:	00b70023          	sb	a1,0(a4)
     216:	8082                	ret
     218:	0ff5f593          	andi	a1,a1,255
     21c:	00859693          	slli	a3,a1,0x8
     220:	8dd5                	or	a1,a1,a3
     222:	01059693          	slli	a3,a1,0x10
     226:	8dd5                	or	a1,a1,a3
     228:	b761                	j	1b0 <memset+0x10>
     22a:	00279693          	slli	a3,a5,0x2
     22e:	00000297          	auipc	t0,0x0
     232:	9696                	add	a3,a3,t0
     234:	8286                	mv	t0,ra
     236:	fa8680e7          	jalr	-88(a3)
     23a:	8096                	mv	ra,t0
     23c:	17c1                	addi	a5,a5,-16
     23e:	8f1d                	sub	a4,a4,a5
     240:	963e                	add	a2,a2,a5
     242:	f8c374e3          	bgeu	t1,a2,1ca <memset+0x2a>
     246:	b7a5                	j	1ae <memset+0xe>

00000248 <NMI_Handler>:
     248:	a001                	j	248 <NMI_Handler>

0000024a <HardFault_Handler>:
     24a:	beef07b7          	lui	a5,0xbeef0
     24e:	e000e737          	lui	a4,0xe000e
     252:	08078793          	addi	a5,a5,128 # beef0080 <_eusrstack+0x9eeeb080>
     256:	c73c                	sw	a5,72(a4)
     258:	a001                	j	258 <HardFault_Handler+0xe>

0000025a <GPIO_Toggle_INIT>:
     25a:	f17ff2ef          	jal	t0,170 <__riscv_save_0>
     25e:	1141                	addi	sp,sp,-16
     260:	4585                	li	a1,1
     262:	4511                	li	a0,4
     264:	c202                	sw	zero,4(sp)
     266:	c402                	sw	zero,8(sp)
     268:	c602                	sw	zero,12(sp)
     26a:	71e000ef          	jal	ra,988 <RCC_PB2PeriphClockCmd>
     26e:	4785                	li	a5,1
     270:	827c                	sh	a5,4(sp)
     272:	40011537          	lui	a0,0x40011
     276:	47c1                	li	a5,16
     278:	c63e                	sw	a5,12(sp)
     27a:	004c                	addi	a1,sp,4
     27c:	478d                	li	a5,3
     27e:	80050513          	addi	a0,a0,-2048 # 40010800 <_eusrstack+0x2000b800>
     282:	c43e                	sw	a5,8(sp)
     284:	2c85                	jal	4f4 <GPIO_Init>
     286:	0141                	addi	sp,sp,16
     288:	b731                	j	194 <__riscv_restore_0>

0000028a <main>:
     28a:	ee7ff2ef          	jal	t0,170 <__riscv_save_0>
     28e:	1141                	addi	sp,sp,-16
     290:	4505                	li	a0,1
     292:	000107a3          	sb	zero,15(sp)
     296:	2d19                	jal	8ac <NVIC_PriorityGroupConfig>
     298:	222d                	jal	3c2 <SystemCoreClockUpdate>
     29a:	7ee000ef          	jal	ra,a88 <Delay_Init>
     29e:	6571                	lui	a0,0x1c
     2a0:	20050513          	addi	a0,a0,512 # 1c200 <_data_lma+0x1a3dc>
     2a4:	03b000ef          	jal	ra,ade <USART_Printf_Init>
     2a8:	200007b7          	lui	a5,0x20000
     2ac:	0807a583          	lw	a1,128(a5) # 20000080 <SystemCoreClock>
     2b0:	00002537          	lui	a0,0x2
     2b4:	d5450513          	addi	a0,a0,-684 # 1d54 <_read+0xe>
     2b8:	0e7000ef          	jal	ra,b9e <iprintf>
     2bc:	2c0d                	jal	4ee <DBGMCU_GetCHIPID>
     2be:	85aa                	mv	a1,a0
     2c0:	00002537          	lui	a0,0x2
     2c4:	d6450513          	addi	a0,a0,-668 # 1d64 <_read+0x1e>
     2c8:	0d7000ef          	jal	ra,b9e <iprintf>
     2cc:	00002537          	lui	a0,0x2
     2d0:	d7450513          	addi	a0,a0,-652 # 1d74 <_read+0x2e>
     2d4:	1df000ef          	jal	ra,cb2 <puts>
     2d8:	40011437          	lui	s0,0x40011
     2dc:	3fbd                	jal	25a <GPIO_Toggle_INIT>
     2de:	4485                	li	s1,1
     2e0:	80040413          	addi	s0,s0,-2048 # 40010800 <_eusrstack+0x2000b800>
     2e4:	0fa00513          	li	a0,250
     2e8:	7c0000ef          	jal	ra,aa8 <Delay_Ms>
     2ec:	879c                	lbu	a5,15(sp)
     2ee:	0ff7f793          	andi	a5,a5,255
     2f2:	e799                	bnez	a5,300 <main+0x76>
     2f4:	87c4                	sb	s1,15(sp)
     2f6:	4605                	li	a2,1
     2f8:	4585                	li	a1,1
     2fa:	8522                	mv	a0,s0
     2fc:	2c65                	jal	5b4 <GPIO_WriteBit>
     2fe:	b7dd                	j	2e4 <main+0x5a>
     300:	000107a3          	sb	zero,15(sp)
     304:	4601                	li	a2,0
     306:	bfcd                	j	2f8 <main+0x6e>

00000308 <SystemInit>:
     308:	e69ff2ef          	jal	t0,170 <__riscv_save_0>
     30c:	40021437          	lui	s0,0x40021
     310:	401c                	lw	a5,0(s0)
     312:	08ff0737          	lui	a4,0x8ff0
     316:	0017e793          	ori	a5,a5,1
     31a:	c01c                	sw	a5,0(s0)
     31c:	405c                	lw	a5,4(s0)
     31e:	8ff9                	and	a5,a5,a4
     320:	c05c                	sw	a5,4(s0)
     322:	401c                	lw	a5,0(s0)
     324:	fef70737          	lui	a4,0xfef70
     328:	176d                	addi	a4,a4,-5
     32a:	8ff9                	and	a5,a5,a4
     32c:	c01c                	sw	a5,0(s0)
     32e:	401c                	lw	a5,0(s0)
     330:	fffc0737          	lui	a4,0xfffc0
     334:	177d                	addi	a4,a4,-1
     336:	8ff9                	and	a5,a5,a4
     338:	c01c                	sw	a5,0(s0)
     33a:	405c                	lw	a5,4(s0)
     33c:	ff010737          	lui	a4,0xff010
     340:	177d                	addi	a4,a4,-1
     342:	8ff9                	and	a5,a5,a4
     344:	c05c                	sw	a5,4(s0)
     346:	009f07b7          	lui	a5,0x9f0
     34a:	c41c                	sw	a5,8(s0)
     34c:	2e79                	jal	6ea <GPIO_IPD_Unused>
     34e:	400227b7          	lui	a5,0x40022
     352:	4709                	li	a4,2
     354:	c398                	sw	a4,0(a5)
     356:	40024737          	lui	a4,0x40024
     35a:	80072783          	lw	a5,-2048(a4) # 40023800 <_eusrstack+0x2001e800>
     35e:	0107e793          	ori	a5,a5,16
     362:	80f72023          	sw	a5,-2048(a4)
     366:	405c                	lw	a5,4(s0)
     368:	ffc10737          	lui	a4,0xffc10
     36c:	177d                	addi	a4,a4,-1
     36e:	c05c                	sw	a5,4(s0)
     370:	405c                	lw	a5,4(s0)
     372:	c05c                	sw	a5,4(s0)
     374:	405c                	lw	a5,4(s0)
     376:	4007e793          	ori	a5,a5,1024
     37a:	c05c                	sw	a5,4(s0)
     37c:	405c                	lw	a5,4(s0)
     37e:	8ff9                	and	a5,a5,a4
     380:	c05c                	sw	a5,4(s0)
     382:	405c                	lw	a5,4(s0)
     384:	00280737          	lui	a4,0x280
     388:	8fd9                	or	a5,a5,a4
     38a:	c05c                	sw	a5,4(s0)
     38c:	401c                	lw	a5,0(s0)
     38e:	01000737          	lui	a4,0x1000
     392:	8fd9                	or	a5,a5,a4
     394:	c01c                	sw	a5,0(s0)
     396:	400217b7          	lui	a5,0x40021
     39a:	4398                	lw	a4,0(a5)
     39c:	00671693          	slli	a3,a4,0x6
     3a0:	fe06dde3          	bgez	a3,39a <SystemInit+0x92>
     3a4:	43d8                	lw	a4,4(a5)
     3a6:	400216b7          	lui	a3,0x40021
     3aa:	9b71                	andi	a4,a4,-4
     3ac:	c3d8                	sw	a4,4(a5)
     3ae:	43d8                	lw	a4,4(a5)
     3b0:	00276713          	ori	a4,a4,2
     3b4:	c3d8                	sw	a4,4(a5)
     3b6:	4721                	li	a4,8
     3b8:	42dc                	lw	a5,4(a3)
     3ba:	8bb1                	andi	a5,a5,12
     3bc:	fee79ee3          	bne	a5,a4,3b8 <SystemInit+0xb0>
     3c0:	bbd1                	j	194 <__riscv_restore_0>

000003c2 <SystemCoreClockUpdate>:
     3c2:	400216b7          	lui	a3,0x40021
     3c6:	42dc                	lw	a5,4(a3)
     3c8:	20000737          	lui	a4,0x20000
     3cc:	4611                	li	a2,4
     3ce:	8bb1                	andi	a5,a5,12
     3d0:	08070713          	addi	a4,a4,128 # 20000080 <SystemCoreClock>
     3d4:	02c78f63          	beq	a5,a2,412 <SystemCoreClockUpdate+0x50>
     3d8:	4621                	li	a2,8
     3da:	04c78163          	beq	a5,a2,41c <SystemCoreClockUpdate+0x5a>
     3de:	eb95                	bnez	a5,412 <SystemCoreClockUpdate+0x50>
     3e0:	429c                	lw	a5,0(a3)
     3e2:	8b91                	andi	a5,a5,4
     3e4:	c79d                	beqz	a5,412 <SystemCoreClockUpdate+0x50>
     3e6:	000f47b7          	lui	a5,0xf4
     3ea:	24078793          	addi	a5,a5,576 # f4240 <_data_lma+0xf241c>
     3ee:	c31c                	sw	a5,0(a4)
     3f0:	400217b7          	lui	a5,0x40021
     3f4:	43dc                	lw	a5,4(a5)
     3f6:	8391                	srli	a5,a5,0x4
     3f8:	00f7f693          	andi	a3,a5,15
     3fc:	200007b7          	lui	a5,0x20000
     400:	00078793          	mv	a5,a5
     404:	97b6                	add	a5,a5,a3
     406:	2394                	lbu	a3,0(a5)
     408:	431c                	lw	a5,0(a4)
     40a:	00d7d7b3          	srl	a5,a5,a3
     40e:	c31c                	sw	a5,0(a4)
     410:	8082                	ret
     412:	007a17b7          	lui	a5,0x7a1
     416:	20078793          	addi	a5,a5,512 # 7a1200 <_data_lma+0x79f3dc>
     41a:	bfd1                	j	3ee <SystemCoreClockUpdate+0x2c>
     41c:	42dc                	lw	a5,4(a3)
     41e:	42d4                	lw	a3,4(a3)
     420:	6641                	lui	a2,0x10
     422:	83c9                	srli	a5,a5,0x12
     424:	8bbd                	andi	a5,a5,15
     426:	8ef1                	and	a3,a3,a2
     428:	0789                	addi	a5,a5,2
     42a:	4645                	li	a2,17
     42c:	00c79363          	bne	a5,a2,432 <SystemCoreClockUpdate+0x70>
     430:	47c9                	li	a5,18
     432:	ee81                	bnez	a3,44a <SystemCoreClockUpdate+0x88>
     434:	400246b7          	lui	a3,0x40024
     438:	8006a683          	lw	a3,-2048(a3) # 40023800 <_eusrstack+0x2001e800>
     43c:	8ac1                	andi	a3,a3,16
     43e:	ce89                	beqz	a3,458 <SystemCoreClockUpdate+0x96>
     440:	007a16b7          	lui	a3,0x7a1
     444:	20068693          	addi	a3,a3,512 # 7a1200 <_data_lma+0x79f3dc>
     448:	a821                	j	460 <SystemCoreClockUpdate+0x9e>
     44a:	400216b7          	lui	a3,0x40021
     44e:	42d4                	lw	a3,4(a3)
     450:	00e69613          	slli	a2,a3,0xe
     454:	fe0656e3          	bgez	a2,440 <SystemCoreClockUpdate+0x7e>
     458:	003d16b7          	lui	a3,0x3d1
     45c:	90068693          	addi	a3,a3,-1792 # 3d0900 <_data_lma+0x3ceadc>
     460:	02d787b3          	mul	a5,a5,a3
     464:	b769                	j	3ee <SystemCoreClockUpdate+0x2c>

00000466 <ADC_IRQHandler>:
     466:	a001                	j	466 <ADC_IRQHandler>

00000468 <handle_reset>:
     468:	20000197          	auipc	gp,0x20000
     46c:	41818193          	addi	gp,gp,1048 # 20000880 <__global_pointer$>
     470:	20005117          	auipc	sp,0x20005
     474:	b9010113          	addi	sp,sp,-1136 # 20005000 <_eusrstack>
     478:	00002517          	auipc	a0,0x2
     47c:	9ac50513          	addi	a0,a0,-1620 # 1e24 <_data_lma>
     480:	20000597          	auipc	a1,0x20000
     484:	b8058593          	addi	a1,a1,-1152 # 20000000 <_data_vma>
     488:	81818613          	addi	a2,gp,-2024 # 20000098 <_edata>
     48c:	00c5fa63          	bgeu	a1,a2,4a0 <handle_reset+0x38>
     490:	00052283          	lw	t0,0(a0)
     494:	0055a023          	sw	t0,0(a1)
     498:	0511                	addi	a0,a0,4
     49a:	0591                	addi	a1,a1,4
     49c:	fec5eae3          	bltu	a1,a2,490 <handle_reset+0x28>
     4a0:	81818513          	addi	a0,gp,-2024 # 20000098 <_edata>
     4a4:	84018593          	addi	a1,gp,-1984 # 200000c0 <_ebss>
     4a8:	00b57763          	bgeu	a0,a1,4b6 <handle_reset+0x4e>
     4ac:	00052023          	sw	zero,0(a0)
     4b0:	0511                	addi	a0,a0,4
     4b2:	feb56de3          	bltu	a0,a1,4ac <handle_reset+0x44>
     4b6:	42fd                	li	t0,31
     4b8:	bc029073          	csrw	0xbc0,t0
     4bc:	428d                	li	t0,3
     4be:	80429073          	csrw	0x804,t0
     4c2:	08800293          	li	t0,136
     4c6:	30029073          	csrw	mstatus,t0
     4ca:	00000297          	auipc	t0,0x0
     4ce:	b3a28293          	addi	t0,t0,-1222 # 4 <_einit>
     4d2:	0032e293          	ori	t0,t0,3
     4d6:	30529073          	csrw	mtvec,t0
     4da:	e2fff0ef          	jal	ra,308 <SystemInit>
     4de:	00000297          	auipc	t0,0x0
     4e2:	dac28293          	addi	t0,t0,-596 # 28a <main>
     4e6:	34129073          	csrw	mepc,t0
     4ea:	30200073          	mret

000004ee <DBGMCU_GetCHIPID>:
     4ee:	81c1a503          	lw	a0,-2020(gp) # 2000009c <CHIPID>
     4f2:	8082                	ret

000004f4 <GPIO_Init>:
     4f4:	459c                	lw	a5,8(a1)
     4f6:	0107f713          	andi	a4,a5,16
     4fa:	00f7f813          	andi	a6,a5,15
     4fe:	c701                	beqz	a4,506 <GPIO_Init+0x12>
     500:	41d8                	lw	a4,4(a1)
     502:	00e86833          	or	a6,a6,a4
     506:	218e                	lhu	a1,0(a1)
     508:	0ff5f713          	andi	a4,a1,255
     50c:	c339                	beqz	a4,552 <GPIO_Init+0x5e>
     50e:	4118                	lw	a4,0(a0)
     510:	4681                	li	a3,0
     512:	4e85                	li	t4,1
     514:	4f3d                	li	t5,15
     516:	02800f93          	li	t6,40
     51a:	04800293          	li	t0,72
     51e:	4e21                	li	t3,8
     520:	00de9633          	sll	a2,t4,a3
     524:	00c5f8b3          	and	a7,a1,a2
     528:	03161163          	bne	a2,a7,54a <GPIO_Init+0x56>
     52c:	00269893          	slli	a7,a3,0x2
     530:	011f1333          	sll	t1,t5,a7
     534:	fff34313          	not	t1,t1
     538:	00e37733          	and	a4,t1,a4
     53c:	011818b3          	sll	a7,a6,a7
     540:	00e8e733          	or	a4,a7,a4
     544:	05f79f63          	bne	a5,t6,5a2 <GPIO_Init+0xae>
     548:	c950                	sw	a2,20(a0)
     54a:	0685                	addi	a3,a3,1
     54c:	fdc69ae3          	bne	a3,t3,520 <GPIO_Init+0x2c>
     550:	c118                	sw	a4,0(a0)
     552:	0ff00713          	li	a4,255
     556:	04b77563          	bgeu	a4,a1,5a0 <GPIO_Init+0xac>
     55a:	4154                	lw	a3,4(a0)
     55c:	4621                	li	a2,8
     55e:	4e85                	li	t4,1
     560:	4f3d                	li	t5,15
     562:	02800f93          	li	t6,40
     566:	04800293          	li	t0,72
     56a:	4e41                	li	t3,16
     56c:	00ce98b3          	sll	a7,t4,a2
     570:	0115f733          	and	a4,a1,a7
     574:	02e89263          	bne	a7,a4,598 <GPIO_Init+0xa4>
     578:	00261713          	slli	a4,a2,0x2
     57c:	1701                	addi	a4,a4,-32
     57e:	00ef1333          	sll	t1,t5,a4
     582:	fff34313          	not	t1,t1
     586:	00d376b3          	and	a3,t1,a3
     58a:	00e81733          	sll	a4,a6,a4
     58e:	8ed9                	or	a3,a3,a4
     590:	01f79d63          	bne	a5,t6,5aa <GPIO_Init+0xb6>
     594:	01152a23          	sw	a7,20(a0)
     598:	0605                	addi	a2,a2,1
     59a:	fdc619e3          	bne	a2,t3,56c <GPIO_Init+0x78>
     59e:	c154                	sw	a3,4(a0)
     5a0:	8082                	ret
     5a2:	fa5794e3          	bne	a5,t0,54a <GPIO_Init+0x56>
     5a6:	c910                	sw	a2,16(a0)
     5a8:	b74d                	j	54a <GPIO_Init+0x56>
     5aa:	fe5797e3          	bne	a5,t0,598 <GPIO_Init+0xa4>
     5ae:	01152823          	sw	a7,16(a0)
     5b2:	b7dd                	j	598 <GPIO_Init+0xa4>

000005b4 <GPIO_WriteBit>:
     5b4:	c219                	beqz	a2,5ba <GPIO_WriteBit+0x6>
     5b6:	c90c                	sw	a1,16(a0)
     5b8:	8082                	ret
     5ba:	c94c                	sw	a1,20(a0)
     5bc:	8082                	ret

000005be <GPIO_PinRemapConfig>:
     5be:	c0000737          	lui	a4,0xc0000
     5c2:	00e577b3          	and	a5,a0,a4
     5c6:	08e79563          	bne	a5,a4,650 <GPIO_PinRemapConfig+0x92>
     5ca:	40010737          	lui	a4,0x40010
     5ce:	435c                	lw	a5,4(a4)
     5d0:	01b55693          	srli	a3,a0,0x1b
     5d4:	4f58                	lw	a4,28(a4)
     5d6:	8a9d                	andi	a3,a3,7
     5d8:	e69d                	bnez	a3,606 <GPIO_PinRemapConfig+0x48>
     5da:	9bf9                	andi	a5,a5,-2
     5dc:	ff0006b7          	lui	a3,0xff000
     5e0:	16fd                	addi	a3,a3,-1
     5e2:	8f75                	and	a4,a4,a3
     5e4:	c989                	beqz	a1,5f6 <GPIO_PinRemapConfig+0x38>
     5e6:	01051693          	slli	a3,a0,0x10
     5ea:	82c1                	srli	a3,a3,0x10
     5ec:	8fd5                	or	a5,a5,a3
     5ee:	01ff06b7          	lui	a3,0x1ff0
     5f2:	8d75                	and	a0,a0,a3
     5f4:	8f49                	or	a4,a4,a0
     5f6:	070006b7          	lui	a3,0x7000
     5fa:	8fd5                	or	a5,a5,a3
     5fc:	400106b7          	lui	a3,0x40010
     600:	c2dc                	sw	a5,4(a3)
     602:	ced8                	sw	a4,28(a3)
     604:	8082                	ret
     606:	4605                	li	a2,1
     608:	00c69663          	bne	a3,a2,614 <GPIO_PinRemapConfig+0x56>
     60c:	9bf5                	andi	a5,a5,-3
     60e:	ff8006b7          	lui	a3,0xff800
     612:	b7f9                	j	5e0 <GPIO_PinRemapConfig+0x22>
     614:	4609                	li	a2,2
     616:	00c69663          	bne	a3,a2,622 <GPIO_PinRemapConfig+0x64>
     61a:	9bed                	andi	a5,a5,-5
     61c:	ffe806b7          	lui	a3,0xffe80
     620:	b7c1                	j	5e0 <GPIO_PinRemapConfig+0x22>
     622:	460d                	li	a2,3
     624:	00c69663          	bne	a3,a2,630 <GPIO_PinRemapConfig+0x72>
     628:	9bdd                	andi	a5,a5,-9
     62a:	fffc06b7          	lui	a3,0xfffc0
     62e:	bf4d                	j	5e0 <GPIO_PinRemapConfig+0x22>
     630:	4611                	li	a2,4
     632:	00c69763          	bne	a3,a2,640 <GPIO_PinRemapConfig+0x82>
     636:	f3f7f793          	andi	a5,a5,-193
     63a:	ffc006b7          	lui	a3,0xffc00
     63e:	b74d                	j	5e0 <GPIO_PinRemapConfig+0x22>
     640:	4615                	li	a2,5
     642:	fac691e3          	bne	a3,a2,5e4 <GPIO_PinRemapConfig+0x26>
     646:	cff7f793          	andi	a5,a5,-769
     64a:	ffe006b7          	lui	a3,0xffe00
     64e:	bf49                	j	5e0 <GPIO_PinRemapConfig+0x22>
     650:	40000737          	lui	a4,0x40000
     654:	02e79163          	bne	a5,a4,676 <GPIO_PinRemapConfig+0xb8>
     658:	400107b7          	lui	a5,0x40010
     65c:	4fd8                	lw	a4,28(a5)
     65e:	0542                	slli	a0,a0,0x10
     660:	00a767b3          	or	a5,a4,a0
     664:	e589                	bnez	a1,66e <GPIO_PinRemapConfig+0xb0>
     666:	fff54513          	not	a0,a0
     66a:	00e577b3          	and	a5,a0,a4
     66e:	40010737          	lui	a4,0x40010
     672:	cf5c                	sw	a5,28(a4)
     674:	8082                	ret
     676:	e3a9                	bnez	a5,6b8 <GPIO_PinRemapConfig+0xfa>
     678:	40010837          	lui	a6,0x40010
     67c:	003007b7          	lui	a5,0x300
     680:	00482603          	lw	a2,4(a6) # 40010004 <_eusrstack+0x2000b004>
     684:	01051713          	slli	a4,a0,0x10
     688:	00f576b3          	and	a3,a0,a5
     68c:	8341                	srli	a4,a4,0x10
     68e:	02f69663          	bne	a3,a5,6ba <GPIO_PinRemapConfig+0xfc>
     692:	f90006b7          	lui	a3,0xf9000
     696:	16fd                	addi	a3,a3,-1
     698:	00d677b3          	and	a5,a2,a3
     69c:	00482603          	lw	a2,4(a6)
     6a0:	8ef1                	and	a3,a3,a2
     6a2:	00d82223          	sw	a3,4(a6)
     6a6:	c591                	beqz	a1,6b2 <GPIO_PinRemapConfig+0xf4>
     6a8:	8155                	srli	a0,a0,0x15
     6aa:	0512                	slli	a0,a0,0x4
     6ac:	00a71533          	sll	a0,a4,a0
     6b0:	8fc9                	or	a5,a5,a0
     6b2:	40010737          	lui	a4,0x40010
     6b6:	c35c                	sw	a5,4(a4)
     6b8:	8082                	ret
     6ba:	00b51793          	slli	a5,a0,0xb
     6be:	0207d063          	bgez	a5,6de <GPIO_PinRemapConfig+0x120>
     6c2:	01055793          	srli	a5,a0,0x10
     6c6:	00f7f693          	andi	a3,a5,15
     6ca:	478d                	li	a5,3
     6cc:	00d797b3          	sll	a5,a5,a3
     6d0:	fff7c793          	not	a5,a5
     6d4:	8ff1                	and	a5,a5,a2
     6d6:	070006b7          	lui	a3,0x7000
     6da:	8fd5                	or	a5,a5,a3
     6dc:	b7e9                	j	6a6 <GPIO_PinRemapConfig+0xe8>
     6de:	01555793          	srli	a5,a0,0x15
     6e2:	0792                	slli	a5,a5,0x4
     6e4:	00f717b3          	sll	a5,a4,a5
     6e8:	b7e5                	j	6d0 <GPIO_PinRemapConfig+0x112>

000006ea <GPIO_IPD_Unused>:
     6ea:	a87ff2ef          	jal	t0,170 <__riscv_save_0>
     6ee:	1ffff437          	lui	s0,0x1ffff
     6f2:	72442703          	lw	a4,1828(s0) # 1ffff724 <_data_lma+0x1fffd900>
     6f6:	3e000637          	lui	a2,0x3e000
     6fa:	1141                	addi	sp,sp,-16
     6fc:	01971793          	slli	a5,a4,0x19
     700:	fff74693          	not	a3,a4
     704:	8ff1                	and	a5,a5,a2
     706:	0706                	slli	a4,a4,0x1
     708:	003e0637          	lui	a2,0x3e0
     70c:	8f71                	and	a4,a4,a2
     70e:	8fd9                	or	a5,a5,a4
     710:	01000637          	lui	a2,0x1000
     714:	00969713          	slli	a4,a3,0x9
     718:	8f71                	and	a4,a4,a2
     71a:	8fd9                	or	a5,a5,a4
     71c:	82bd                	srli	a3,a3,0xf
     71e:	6741                	lui	a4,0x10
     720:	8ef9                	and	a3,a3,a4
     722:	c202                	sw	zero,4(sp)
     724:	c402                	sw	zero,8(sp)
     726:	c602                	sw	zero,12(sp)
     728:	8fd5                	or	a5,a5,a3
     72a:	82f1a023          	sw	a5,-2016(gp) # 200000a0 <OPA_Trim>
     72e:	72845703          	lhu	a4,1832(s0)
     732:	4585                	li	a1,1
     734:	80e19c23          	sh	a4,-2024(gp) # 20000098 <_edata>
     738:	72042703          	lw	a4,1824(s0)
     73c:	03d00513          	li	a0,61
     740:	82e1a223          	sw	a4,-2012(gp) # 200000a4 <TS_Val>
     744:	70442703          	lw	a4,1796(s0)
     748:	80e1ae23          	sw	a4,-2020(gp) # 2000009c <CHIPID>
     74c:	73045703          	lhu	a4,1840(s0)
     750:	82e19423          	sh	a4,-2008(gp) # 200000a8 <USBPD_CFG>
     754:	2c15                	jal	988 <RCC_PB2PeriphClockCmd>
     756:	70442783          	lw	a5,1796(s0)
     75a:	103a0737          	lui	a4,0x103a0
     75e:	70070713          	addi	a4,a4,1792 # 103a0700 <_data_lma+0x1039e8dc>
     762:	f0f7f793          	andi	a5,a5,-241
     766:	10e78363          	beq	a5,a4,86c <__stack_size+0x6c>
     76a:	00f76a63          	bltu	a4,a5,77e <GPIO_IPD_Unused+0x94>
     76e:	10320737          	lui	a4,0x10320
     772:	70070713          	addi	a4,a4,1792 # 10320700 <_data_lma+0x1031e8dc>
     776:	06e78f63          	beq	a5,a4,7f4 <GPIO_IPD_Unused+0x10a>
     77a:	0141                	addi	sp,sp,16
     77c:	bc21                	j	194 <__riscv_restore_0>
     77e:	103b0737          	lui	a4,0x103b0
     782:	70070713          	addi	a4,a4,1792 # 103b0700 <_data_lma+0x103ae8dc>
     786:	08e78b63          	beq	a5,a4,81c <__stack_size+0x1c>
     78a:	103d0737          	lui	a4,0x103d0
     78e:	70070713          	addi	a4,a4,1792 # 103d0700 <_data_lma+0x103ce8dc>
     792:	fee794e3          	bne	a5,a4,77a <GPIO_IPD_Unused+0x90>
     796:	4585                	li	a1,1
     798:	6521                	lui	a0,0x8
     79a:	3515                	jal	5be <GPIO_PinRemapConfig>
     79c:	40011437          	lui	s0,0x40011
     7a0:	77e1                	lui	a5,0xffff8
     7a2:	04800493          	li	s1,72
     7a6:	004c                	addi	a1,sp,4
     7a8:	80040513          	addi	a0,s0,-2048 # 40010800 <_eusrstack+0x2000b800>
     7ac:	827c                	sh	a5,4(sp)
     7ae:	c626                	sw	s1,12(sp)
     7b0:	3391                	jal	4f4 <GPIO_Init>
     7b2:	6785                	lui	a5,0x1
     7b4:	33878793          	addi	a5,a5,824 # 1338 <_free_r+0x26>
     7b8:	004c                	addi	a1,sp,4
     7ba:	c0040513          	addi	a0,s0,-1024
     7be:	827c                	sh	a5,4(sp)
     7c0:	c626                	sw	s1,12(sp)
     7c2:	3b0d                	jal	4f4 <GPIO_Init>
     7c4:	4791                	li	a5,4
     7c6:	827c                	sh	a5,4(sp)
     7c8:	004c                	addi	a1,sp,4
     7ca:	02800793          	li	a5,40
     7ce:	c0040513          	addi	a0,s0,-1024
     7d2:	c63e                	sw	a5,12(sp)
     7d4:	3305                	jal	4f4 <GPIO_Init>
     7d6:	77f9                	lui	a5,0xffffe
     7d8:	004c                	addi	a1,sp,4
     7da:	40011537          	lui	a0,0x40011
     7de:	827c                	sh	a5,4(sp)
     7e0:	c626                	sw	s1,12(sp)
     7e2:	3b09                	jal	4f4 <GPIO_Init>
     7e4:	478d                	li	a5,3
     7e6:	827c                	sh	a5,4(sp)
     7e8:	c626                	sw	s1,12(sp)
     7ea:	004c                	addi	a1,sp,4
     7ec:	40040513          	addi	a0,s0,1024
     7f0:	3311                	jal	4f4 <GPIO_Init>
     7f2:	b761                	j	77a <GPIO_IPD_Unused+0x90>
     7f4:	77e1                	lui	a5,0xffff8
     7f6:	40011537          	lui	a0,0x40011
     7fa:	c007c793          	xori	a5,a5,-1024
     7fe:	04800413          	li	s0,72
     802:	004c                	addi	a1,sp,4
     804:	c0050513          	addi	a0,a0,-1024 # 40010c00 <_eusrstack+0x2000bc00>
     808:	827c                	sh	a5,4(sp)
     80a:	c622                	sw	s0,12(sp)
     80c:	31e5                	jal	4f4 <GPIO_Init>
     80e:	6789                	lui	a5,0x2
     810:	827c                	sh	a5,4(sp)
     812:	c622                	sw	s0,12(sp)
     814:	004c                	addi	a1,sp,4
     816:	40011537          	lui	a0,0x40011
     81a:	bfd9                	j	7f0 <GPIO_IPD_Unused+0x106>
     81c:	4585                	li	a1,1
     81e:	6521                	lui	a0,0x8
     820:	3b79                	jal	5be <GPIO_PinRemapConfig>
     822:	40011437          	lui	s0,0x40011
     826:	77e1                	lui	a5,0xffff8
     828:	04800493          	li	s1,72
     82c:	004c                	addi	a1,sp,4
     82e:	80040513          	addi	a0,s0,-2048 # 40010800 <_eusrstack+0x2000b800>
     832:	827c                	sh	a5,4(sp)
     834:	c626                	sw	s1,12(sp)
     836:	397d                	jal	4f4 <GPIO_Init>
     838:	21000793          	li	a5,528
     83c:	004c                	addi	a1,sp,4
     83e:	c0040513          	addi	a0,s0,-1024
     842:	827c                	sh	a5,4(sp)
     844:	c626                	sw	s1,12(sp)
     846:	317d                	jal	4f4 <GPIO_Init>
     848:	4791                	li	a5,4
     84a:	827c                	sh	a5,4(sp)
     84c:	004c                	addi	a1,sp,4
     84e:	02800793          	li	a5,40
     852:	c0040513          	addi	a0,s0,-1024
     856:	c63e                	sw	a5,12(sp)
     858:	3971                	jal	4f4 <GPIO_Init>
     85a:	77f9                	lui	a5,0xffffe
     85c:	004c                	addi	a1,sp,4
     85e:	40011537          	lui	a0,0x40011
     862:	827c                	sh	a5,4(sp)
     864:	c626                	sw	s1,12(sp)
     866:	3179                	jal	4f4 <GPIO_Init>
     868:	4789                	li	a5,2
     86a:	bfb5                	j	7e6 <GPIO_IPD_Unused+0xfc>
     86c:	400114b7          	lui	s1,0x40011
     870:	77e1                	lui	a5,0xffff8
     872:	70078793          	addi	a5,a5,1792 # ffff8700 <_eusrstack+0xdfff3700>
     876:	04800413          	li	s0,72
     87a:	004c                	addi	a1,sp,4
     87c:	80048513          	addi	a0,s1,-2048 # 40010800 <_eusrstack+0x2000b800>
     880:	827c                	sh	a5,4(sp)
     882:	c622                	sw	s0,12(sp)
     884:	3985                	jal	4f4 <GPIO_Init>
     886:	e3900793          	li	a5,-455
     88a:	004c                	addi	a1,sp,4
     88c:	c0048513          	addi	a0,s1,-1024
     890:	827c                	sh	a5,4(sp)
     892:	c622                	sw	s0,12(sp)
     894:	3185                	jal	4f4 <GPIO_Init>
     896:	4791                	li	a5,4
     898:	827c                	sh	a5,4(sp)
     89a:	004c                	addi	a1,sp,4
     89c:	02800793          	li	a5,40
     8a0:	c0048513          	addi	a0,s1,-1024
     8a4:	c63e                	sw	a5,12(sp)
     8a6:	31b9                	jal	4f4 <GPIO_Init>
     8a8:	77f9                	lui	a5,0xffffe
     8aa:	b79d                	j	810 <__stack_size+0x10>

000008ac <NVIC_PriorityGroupConfig>:
     8ac:	82a1a623          	sw	a0,-2004(gp) # 200000ac <NVIC_Priority_Group>
     8b0:	8082                	ret

000008b2 <RCC_GetClocksFreq>:
     8b2:	40021737          	lui	a4,0x40021
     8b6:	435c                	lw	a5,4(a4)
     8b8:	4691                	li	a3,4
     8ba:	8bb1                	andi	a5,a5,12
     8bc:	06d78c63          	beq	a5,a3,934 <RCC_GetClocksFreq+0x82>
     8c0:	46a1                	li	a3,8
     8c2:	06d78e63          	beq	a5,a3,93e <RCC_GetClocksFreq+0x8c>
     8c6:	e7bd                	bnez	a5,934 <RCC_GetClocksFreq+0x82>
     8c8:	431c                	lw	a5,0(a4)
     8ca:	8b91                	andi	a5,a5,4
     8cc:	c7a5                	beqz	a5,934 <RCC_GetClocksFreq+0x82>
     8ce:	000f47b7          	lui	a5,0xf4
     8d2:	24078793          	addi	a5,a5,576 # f4240 <_data_lma+0xf241c>
     8d6:	c11c                	sw	a5,0(a0)
     8d8:	40021637          	lui	a2,0x40021
     8dc:	425c                	lw	a5,4(a2)
     8de:	20000737          	lui	a4,0x20000
     8e2:	01070713          	addi	a4,a4,16 # 20000010 <PBHBPrescTable>
     8e6:	8391                	srli	a5,a5,0x4
     8e8:	8bbd                	andi	a5,a5,15
     8ea:	97ba                	add	a5,a5,a4
     8ec:	2394                	lbu	a3,0(a5)
     8ee:	411c                	lw	a5,0(a0)
     8f0:	00d7d7b3          	srl	a5,a5,a3
     8f4:	c15c                	sw	a5,4(a0)
     8f6:	4254                	lw	a3,4(a2)
     8f8:	82a1                	srli	a3,a3,0x8
     8fa:	8a9d                	andi	a3,a3,7
     8fc:	96ba                	add	a3,a3,a4
     8fe:	2294                	lbu	a3,0(a3)
     900:	00d7d6b3          	srl	a3,a5,a3
     904:	c514                	sw	a3,8(a0)
     906:	4254                	lw	a3,4(a2)
     908:	82ad                	srli	a3,a3,0xb
     90a:	8a9d                	andi	a3,a3,7
     90c:	9736                	add	a4,a4,a3
     90e:	2314                	lbu	a3,0(a4)
     910:	00d7d6b3          	srl	a3,a5,a3
     914:	c554                	sw	a3,12(a0)
     916:	4258                	lw	a4,4(a2)
     918:	00074c63          	bltz	a4,930 <RCC_GetClocksFreq+0x7e>
     91c:	425c                	lw	a5,4(a2)
     91e:	83b9                	srli	a5,a5,0xe
     920:	0037f713          	andi	a4,a5,3
     924:	80418793          	addi	a5,gp,-2044 # 20000084 <ADCPrescTable>
     928:	97ba                	add	a5,a5,a4
     92a:	239c                	lbu	a5,0(a5)
     92c:	02f6d7b3          	divu	a5,a3,a5
     930:	c91c                	sw	a5,16(a0)
     932:	8082                	ret
     934:	007a17b7          	lui	a5,0x7a1
     938:	20078793          	addi	a5,a5,512 # 7a1200 <_data_lma+0x79f3dc>
     93c:	bf69                	j	8d6 <RCC_GetClocksFreq+0x24>
     93e:	435c                	lw	a5,4(a4)
     940:	4358                	lw	a4,4(a4)
     942:	66c1                	lui	a3,0x10
     944:	83c9                	srli	a5,a5,0x12
     946:	8bbd                	andi	a5,a5,15
     948:	8f75                	and	a4,a4,a3
     94a:	0789                	addi	a5,a5,2
     94c:	46c5                	li	a3,17
     94e:	00d79363          	bne	a5,a3,954 <RCC_GetClocksFreq+0xa2>
     952:	47c9                	li	a5,18
     954:	ef01                	bnez	a4,96c <RCC_GetClocksFreq+0xba>
     956:	40024737          	lui	a4,0x40024
     95a:	80072703          	lw	a4,-2048(a4) # 40023800 <_eusrstack+0x2001e800>
     95e:	8b41                	andi	a4,a4,16
     960:	cf09                	beqz	a4,97a <RCC_GetClocksFreq+0xc8>
     962:	007a1737          	lui	a4,0x7a1
     966:	20070713          	addi	a4,a4,512 # 7a1200 <_data_lma+0x79f3dc>
     96a:	a821                	j	982 <RCC_GetClocksFreq+0xd0>
     96c:	40021737          	lui	a4,0x40021
     970:	4358                	lw	a4,4(a4)
     972:	00e71693          	slli	a3,a4,0xe
     976:	fe06d6e3          	bgez	a3,962 <RCC_GetClocksFreq+0xb0>
     97a:	003d1737          	lui	a4,0x3d1
     97e:	90070713          	addi	a4,a4,-1792 # 3d0900 <_data_lma+0x3ceadc>
     982:	02e787b3          	mul	a5,a5,a4
     986:	bf81                	j	8d6 <RCC_GetClocksFreq+0x24>

00000988 <RCC_PB2PeriphClockCmd>:
     988:	c599                	beqz	a1,996 <RCC_PB2PeriphClockCmd+0xe>
     98a:	40021737          	lui	a4,0x40021
     98e:	4f1c                	lw	a5,24(a4)
     990:	8d5d                	or	a0,a0,a5
     992:	cf08                	sw	a0,24(a4)
     994:	8082                	ret
     996:	400217b7          	lui	a5,0x40021
     99a:	4f98                	lw	a4,24(a5)
     99c:	fff54513          	not	a0,a0
     9a0:	8d79                	and	a0,a0,a4
     9a2:	cf88                	sw	a0,24(a5)
     9a4:	8082                	ret

000009a6 <USART_Init>:
     9a6:	fcaff2ef          	jal	t0,170 <__riscv_save_0>
     9aa:	2916                	lhu	a3,16(a0)
     9ac:	77f5                	lui	a5,0xffffd
     9ae:	17fd                	addi	a5,a5,-1
     9b0:	8ff5                	and	a5,a5,a3
     9b2:	21f6                	lhu	a3,6(a1)
     9b4:	25da                	lhu	a4,12(a1)
     9b6:	7179                	addi	sp,sp,-48
     9b8:	8fd5                	or	a5,a5,a3
     9ba:	a91e                	sh	a5,16(a0)
     9bc:	2556                	lhu	a3,12(a0)
     9be:	77fd                	lui	a5,0xfffff
     9c0:	9f378793          	addi	a5,a5,-1549 # ffffe9f3 <_eusrstack+0xdfff99f3>
     9c4:	8ff5                	and	a5,a5,a3
     9c6:	21d6                	lhu	a3,4(a1)
     9c8:	842a                	mv	s0,a0
     9ca:	c62e                	sw	a1,12(sp)
     9cc:	8fd5                	or	a5,a5,a3
     9ce:	2596                	lhu	a3,8(a1)
     9d0:	8fd5                	or	a5,a5,a3
     9d2:	25b6                	lhu	a3,10(a1)
     9d4:	8fd5                	or	a5,a5,a3
     9d6:	a55e                	sh	a5,12(a0)
     9d8:	295e                	lhu	a5,20(a0)
     9da:	07c2                	slli	a5,a5,0x10
     9dc:	83c1                	srli	a5,a5,0x10
     9de:	cff7f793          	andi	a5,a5,-769
     9e2:	8fd9                	or	a5,a5,a4
     9e4:	a95e                	sh	a5,20(a0)
     9e6:	0868                	addi	a0,sp,28
     9e8:	35e9                	jal	8b2 <RCC_GetClocksFreq>
     9ea:	400147b7          	lui	a5,0x40014
     9ee:	80078793          	addi	a5,a5,-2048 # 40013800 <_eusrstack+0x2000e800>
     9f2:	45b2                	lw	a1,12(sp)
     9f4:	04f41a63          	bne	s0,a5,a48 <USART_Init+0xa2>
     9f8:	57a2                	lw	a5,40(sp)
     9fa:	2456                	lhu	a3,12(s0)
     9fc:	4765                	li	a4,25
     9fe:	02e787b3          	mul	a5,a5,a4
     a02:	06c2                	slli	a3,a3,0x10
     a04:	86c1                	srai	a3,a3,0x10
     a06:	4198                	lw	a4,0(a1)
     a08:	0406d263          	bgez	a3,a4c <USART_Init+0xa6>
     a0c:	0706                	slli	a4,a4,0x1
     a0e:	2452                	lhu	a2,12(s0)
     a10:	0642                	slli	a2,a2,0x10
     a12:	02e7d7b3          	divu	a5,a5,a4
     a16:	06400713          	li	a4,100
     a1a:	8641                	srai	a2,a2,0x10
     a1c:	02e7d6b3          	divu	a3,a5,a4
     a20:	02e7f7b3          	remu	a5,a5,a4
     a24:	0692                	slli	a3,a3,0x4
     a26:	02065563          	bgez	a2,a50 <USART_Init+0xaa>
     a2a:	078e                	slli	a5,a5,0x3
     a2c:	03278793          	addi	a5,a5,50
     a30:	02e7d7b3          	divu	a5,a5,a4
     a34:	0077f713          	andi	a4,a5,7
     a38:	00d767b3          	or	a5,a4,a3
     a3c:	07c2                	slli	a5,a5,0x10
     a3e:	83c1                	srli	a5,a5,0x10
     a40:	a41e                	sh	a5,8(s0)
     a42:	6145                	addi	sp,sp,48
     a44:	f50ff06f          	j	194 <__riscv_restore_0>
     a48:	5792                	lw	a5,36(sp)
     a4a:	bf45                	j	9fa <USART_Init+0x54>
     a4c:	070a                	slli	a4,a4,0x2
     a4e:	b7c1                	j	a0e <USART_Init+0x68>
     a50:	0792                	slli	a5,a5,0x4
     a52:	03278793          	addi	a5,a5,50
     a56:	02e7d7b3          	divu	a5,a5,a4
     a5a:	8bbd                	andi	a5,a5,15
     a5c:	8fd5                	or	a5,a5,a3
     a5e:	bff9                	j	a3c <USART_Init+0x96>

00000a60 <USART_Cmd>:
     a60:	c591                	beqz	a1,a6c <USART_Cmd+0xc>
     a62:	255e                	lhu	a5,12(a0)
     a64:	6709                	lui	a4,0x2
     a66:	8fd9                	or	a5,a5,a4
     a68:	a55e                	sh	a5,12(a0)
     a6a:	8082                	ret
     a6c:	255a                	lhu	a4,12(a0)
     a6e:	77f9                	lui	a5,0xffffe
     a70:	17fd                	addi	a5,a5,-1
     a72:	8ff9                	and	a5,a5,a4
     a74:	bfd5                	j	a68 <USART_Cmd+0x8>

00000a76 <USART_SendData>:
     a76:	1ff5f593          	andi	a1,a1,511
     a7a:	a14e                	sh	a1,4(a0)
     a7c:	8082                	ret

00000a7e <USART_GetFlagStatus>:
     a7e:	210a                	lhu	a0,0(a0)
     a80:	8d6d                	and	a0,a0,a1
     a82:	00a03533          	snez	a0,a0
     a86:	8082                	ret

00000a88 <Delay_Init>:
     a88:	200007b7          	lui	a5,0x20000
     a8c:	0807a783          	lw	a5,128(a5) # 20000080 <SystemCoreClock>
     a90:	6709                	lui	a4,0x2
     a92:	f4070713          	addi	a4,a4,-192 # 1f40 <_data_lma+0x11c>
     a96:	02e7d7b3          	divu	a5,a5,a4
     a9a:	07c2                	slli	a5,a5,0x10
     a9c:	83c1                	srli	a5,a5,0x10
     a9e:	82f19923          	sh	a5,-1998(gp) # 200000b2 <p_us>
     aa2:	82f19823          	sh	a5,-2000(gp) # 200000b0 <p_ms>
     aa6:	8082                	ret

00000aa8 <Delay_Ms>:
     aa8:	e000f7b7          	lui	a5,0xe000f
     aac:	43d8                	lw	a4,4(a5)
     aae:	4681                	li	a3,0
     ab0:	9b79                	andi	a4,a4,-2
     ab2:	c3d8                	sw	a4,4(a5)
     ab4:	8301d703          	lhu	a4,-2000(gp) # 200000b0 <p_ms>
     ab8:	02a70633          	mul	a2,a4,a0
     abc:	cb90                	sw	a2,16(a5)
     abe:	cbd4                	sw	a3,20(a5)
     ac0:	4398                	lw	a4,0(a5)
     ac2:	01076713          	ori	a4,a4,16
     ac6:	c398                	sw	a4,0(a5)
     ac8:	4398                	lw	a4,0(a5)
     aca:	02176713          	ori	a4,a4,33
     ace:	c398                	sw	a4,0(a5)
     ad0:	43d8                	lw	a4,4(a5)
     ad2:	8b05                	andi	a4,a4,1
     ad4:	df75                	beqz	a4,ad0 <Delay_Ms+0x28>
     ad6:	4398                	lw	a4,0(a5)
     ad8:	9b79                	andi	a4,a4,-2
     ada:	c398                	sw	a4,0(a5)
     adc:	8082                	ret

00000ade <USART_Printf_Init>:
     ade:	e92ff2ef          	jal	t0,170 <__riscv_save_0>
     ae2:	842a                	mv	s0,a0
     ae4:	6511                	lui	a0,0x4
     ae6:	1101                	addi	sp,sp,-32
     ae8:	4585                	li	a1,1
     aea:	0511                	addi	a0,a0,4
     aec:	c202                	sw	zero,4(sp)
     aee:	c402                	sw	zero,8(sp)
     af0:	c602                	sw	zero,12(sp)
     af2:	c802                	sw	zero,16(sp)
     af4:	ca02                	sw	zero,20(sp)
     af6:	cc02                	sw	zero,24(sp)
     af8:	ce02                	sw	zero,28(sp)
     afa:	3579                	jal	988 <RCC_PB2PeriphClockCmd>
     afc:	20000793          	li	a5,512
     b00:	827c                	sh	a5,4(sp)
     b02:	40011537          	lui	a0,0x40011
     b06:	478d                	li	a5,3
     b08:	c43e                	sw	a5,8(sp)
     b0a:	004c                	addi	a1,sp,4
     b0c:	47e1                	li	a5,24
     b0e:	80050513          	addi	a0,a0,-2048 # 40010800 <_eusrstack+0x2000b800>
     b12:	c63e                	sw	a5,12(sp)
     b14:	32c5                	jal	4f4 <GPIO_Init>
     b16:	c822                	sw	s0,16(sp)
     b18:	40014437          	lui	s0,0x40014
     b1c:	000807b7          	lui	a5,0x80
     b20:	080c                	addi	a1,sp,16
     b22:	80040513          	addi	a0,s0,-2048 # 40013800 <_eusrstack+0x2000e800>
     b26:	cc3e                	sw	a5,24(sp)
     b28:	ca02                	sw	zero,20(sp)
     b2a:	00011e23          	sh	zero,28(sp)
     b2e:	3da5                	jal	9a6 <USART_Init>
     b30:	4585                	li	a1,1
     b32:	80040513          	addi	a0,s0,-2048
     b36:	372d                	jal	a60 <USART_Cmd>
     b38:	6105                	addi	sp,sp,32
     b3a:	e5aff06f          	j	194 <__riscv_restore_0>

00000b3e <_write>:
     b3e:	e18ff2ef          	jal	t0,156 <__riscv_save_4>
     b42:	400144b7          	lui	s1,0x40014
     b46:	89ae                	mv	s3,a1
     b48:	8932                	mv	s2,a2
     b4a:	4401                	li	s0,0
     b4c:	80048493          	addi	s1,s1,-2048 # 40013800 <_eusrstack+0x2000e800>
     b50:	01244563          	blt	s0,s2,b5a <_write+0x1c>
     b54:	854a                	mv	a0,s2
     b56:	e34ff06f          	j	18a <__riscv_restore_4>
     b5a:	04000593          	li	a1,64
     b5e:	8526                	mv	a0,s1
     b60:	3f39                	jal	a7e <USART_GetFlagStatus>
     b62:	dd65                	beqz	a0,b5a <_write+0x1c>
     b64:	008987b3          	add	a5,s3,s0
     b68:	00078583          	lb	a1,0(a5) # 80000 <_data_lma+0x7e1dc>
     b6c:	8526                	mv	a0,s1
     b6e:	0405                	addi	s0,s0,1
     b70:	05c2                	slli	a1,a1,0x10
     b72:	81c1                	srli	a1,a1,0x10
     b74:	3709                	jal	a76 <USART_SendData>
     b76:	bfe9                	j	b50 <_write+0x12>

00000b78 <_sbrk>:
     b78:	80818713          	addi	a4,gp,-2040 # 20000088 <curbrk.4981>
     b7c:	431c                	lw	a5,0(a4)
     b7e:	84018693          	addi	a3,gp,-1984 # 200000c0 <_ebss>
     b82:	953e                	add	a0,a0,a5
     b84:	00d56b63          	bltu	a0,a3,b9a <_sbrk+0x22>
     b88:	200056b7          	lui	a3,0x20005
     b8c:	80068693          	addi	a3,a3,-2048 # 20004800 <_heap_end>
     b90:	00a6e563          	bltu	a3,a0,b9a <_sbrk+0x22>
     b94:	c308                	sw	a0,0(a4)
     b96:	853e                	mv	a0,a5
     b98:	8082                	ret
     b9a:	57fd                	li	a5,-1
     b9c:	bfed                	j	b96 <_sbrk+0x1e>

00000b9e <iprintf>:
     b9e:	7139                	addi	sp,sp,-64
     ba0:	da3e                	sw	a5,52(sp)
     ba2:	d22e                	sw	a1,36(sp)
     ba4:	d432                	sw	a2,40(sp)
     ba6:	d636                	sw	a3,44(sp)
     ba8:	d83a                	sw	a4,48(sp)
     baa:	dc42                	sw	a6,56(sp)
     bac:	de46                	sw	a7,60(sp)
     bae:	80c18793          	addi	a5,gp,-2036 # 2000008c <_impure_ptr>
     bb2:	cc22                	sw	s0,24(sp)
     bb4:	4380                	lw	s0,0(a5)
     bb6:	ca26                	sw	s1,20(sp)
     bb8:	ce06                	sw	ra,28(sp)
     bba:	84aa                	mv	s1,a0
     bbc:	c409                	beqz	s0,bc6 <iprintf+0x28>
     bbe:	4c1c                	lw	a5,24(s0)
     bc0:	e399                	bnez	a5,bc6 <iprintf+0x28>
     bc2:	8522                	mv	a0,s0
     bc4:	29ed                	jal	10be <__sinit>
     bc6:	440c                	lw	a1,8(s0)
     bc8:	1054                	addi	a3,sp,36
     bca:	8626                	mv	a2,s1
     bcc:	8522                	mv	a0,s0
     bce:	c636                	sw	a3,12(sp)
     bd0:	127000ef          	jal	ra,14f6 <_vfiprintf_r>
     bd4:	40f2                	lw	ra,28(sp)
     bd6:	4462                	lw	s0,24(sp)
     bd8:	44d2                	lw	s1,20(sp)
     bda:	6121                	addi	sp,sp,64
     bdc:	8082                	ret

00000bde <_puts_r>:
     bde:	1101                	addi	sp,sp,-32
     be0:	ca26                	sw	s1,20(sp)
     be2:	c84a                	sw	s2,16(sp)
     be4:	ce06                	sw	ra,28(sp)
     be6:	cc22                	sw	s0,24(sp)
     be8:	c64e                	sw	s3,12(sp)
     bea:	c452                	sw	s4,8(sp)
     bec:	84aa                	mv	s1,a0
     bee:	892e                	mv	s2,a1
     bf0:	c501                	beqz	a0,bf8 <_puts_r+0x1a>
     bf2:	4d1c                	lw	a5,24(a0)
     bf4:	e391                	bnez	a5,bf8 <_puts_r+0x1a>
     bf6:	21e1                	jal	10be <__sinit>
     bf8:	4c9c                	lw	a5,24(s1)
     bfa:	4480                	lw	s0,8(s1)
     bfc:	e399                	bnez	a5,c02 <_puts_r+0x24>
     bfe:	8526                	mv	a0,s1
     c00:	297d                	jal	10be <__sinit>
     c02:	00001797          	auipc	a5,0x1
     c06:	1a678793          	addi	a5,a5,422 # 1da8 <__sf_fake_stdin>
     c0a:	02f41b63          	bne	s0,a5,c40 <_puts_r+0x62>
     c0e:	40c0                	lw	s0,4(s1)
     c10:	245e                	lhu	a5,12(s0)
     c12:	8ba1                	andi	a5,a5,8
     c14:	c7b1                	beqz	a5,c60 <_puts_r+0x82>
     c16:	481c                	lw	a5,16(s0)
     c18:	c7a1                	beqz	a5,c60 <_puts_r+0x82>
     c1a:	59fd                	li	s3,-1
     c1c:	4a29                	li	s4,10
     c1e:	441c                	lw	a5,8(s0)
     c20:	00094583          	lbu	a1,0(s2)
     c24:	17fd                	addi	a5,a5,-1
     c26:	e9b1                	bnez	a1,c7a <_puts_r+0x9c>
     c28:	c41c                	sw	a5,8(s0)
     c2a:	0607dd63          	bgez	a5,ca4 <_puts_r+0xc6>
     c2e:	8622                	mv	a2,s0
     c30:	45a9                	li	a1,10
     c32:	8526                	mv	a0,s1
     c34:	2061                	jal	cbc <__swbuf_r>
     c36:	57fd                	li	a5,-1
     c38:	02f50863          	beq	a0,a5,c68 <_puts_r+0x8a>
     c3c:	4529                	li	a0,10
     c3e:	a035                	j	c6a <_puts_r+0x8c>
     c40:	00001797          	auipc	a5,0x1
     c44:	18878793          	addi	a5,a5,392 # 1dc8 <__sf_fake_stdout>
     c48:	00f41463          	bne	s0,a5,c50 <_puts_r+0x72>
     c4c:	4480                	lw	s0,8(s1)
     c4e:	b7c9                	j	c10 <_puts_r+0x32>
     c50:	00001797          	auipc	a5,0x1
     c54:	13878793          	addi	a5,a5,312 # 1d88 <__sf_fake_stderr>
     c58:	faf41ce3          	bne	s0,a5,c10 <_puts_r+0x32>
     c5c:	44c0                	lw	s0,12(s1)
     c5e:	bf4d                	j	c10 <_puts_r+0x32>
     c60:	85a2                	mv	a1,s0
     c62:	8526                	mv	a0,s1
     c64:	2a11                	jal	d78 <__swsetup_r>
     c66:	d955                	beqz	a0,c1a <_puts_r+0x3c>
     c68:	557d                	li	a0,-1
     c6a:	40f2                	lw	ra,28(sp)
     c6c:	4462                	lw	s0,24(sp)
     c6e:	44d2                	lw	s1,20(sp)
     c70:	4942                	lw	s2,16(sp)
     c72:	49b2                	lw	s3,12(sp)
     c74:	4a22                	lw	s4,8(sp)
     c76:	6105                	addi	sp,sp,32
     c78:	8082                	ret
     c7a:	c41c                	sw	a5,8(s0)
     c7c:	0905                	addi	s2,s2,1
     c7e:	0007d763          	bgez	a5,c8c <_puts_r+0xae>
     c82:	4c18                	lw	a4,24(s0)
     c84:	00e7ca63          	blt	a5,a4,c98 <_puts_r+0xba>
     c88:	01458863          	beq	a1,s4,c98 <_puts_r+0xba>
     c8c:	401c                	lw	a5,0(s0)
     c8e:	00178713          	addi	a4,a5,1
     c92:	c018                	sw	a4,0(s0)
     c94:	a38c                	sb	a1,0(a5)
     c96:	b761                	j	c1e <_puts_r+0x40>
     c98:	8622                	mv	a2,s0
     c9a:	8526                	mv	a0,s1
     c9c:	2005                	jal	cbc <__swbuf_r>
     c9e:	f93510e3          	bne	a0,s3,c1e <_puts_r+0x40>
     ca2:	b7d9                	j	c68 <_puts_r+0x8a>
     ca4:	401c                	lw	a5,0(s0)
     ca6:	00178713          	addi	a4,a5,1
     caa:	c018                	sw	a4,0(s0)
     cac:	4729                	li	a4,10
     cae:	a398                	sb	a4,0(a5)
     cb0:	b771                	j	c3c <_puts_r+0x5e>

00000cb2 <puts>:
     cb2:	80c18793          	addi	a5,gp,-2036 # 2000008c <_impure_ptr>
     cb6:	85aa                	mv	a1,a0
     cb8:	4388                	lw	a0,0(a5)
     cba:	b715                	j	bde <_puts_r>

00000cbc <__swbuf_r>:
     cbc:	1101                	addi	sp,sp,-32
     cbe:	cc22                	sw	s0,24(sp)
     cc0:	ca26                	sw	s1,20(sp)
     cc2:	c84a                	sw	s2,16(sp)
     cc4:	ce06                	sw	ra,28(sp)
     cc6:	c64e                	sw	s3,12(sp)
     cc8:	84aa                	mv	s1,a0
     cca:	892e                	mv	s2,a1
     ccc:	8432                	mv	s0,a2
     cce:	c501                	beqz	a0,cd6 <__swbuf_r+0x1a>
     cd0:	4d1c                	lw	a5,24(a0)
     cd2:	e391                	bnez	a5,cd6 <__swbuf_r+0x1a>
     cd4:	26ed                	jal	10be <__sinit>
     cd6:	00001797          	auipc	a5,0x1
     cda:	0d278793          	addi	a5,a5,210 # 1da8 <__sf_fake_stdin>
     cde:	06f41763          	bne	s0,a5,d4c <__swbuf_r+0x90>
     ce2:	40c0                	lw	s0,4(s1)
     ce4:	4c1c                	lw	a5,24(s0)
     ce6:	c41c                	sw	a5,8(s0)
     ce8:	245e                	lhu	a5,12(s0)
     cea:	8ba1                	andi	a5,a5,8
     cec:	c3c1                	beqz	a5,d6c <__swbuf_r+0xb0>
     cee:	481c                	lw	a5,16(s0)
     cf0:	cfb5                	beqz	a5,d6c <__swbuf_r+0xb0>
     cf2:	481c                	lw	a5,16(s0)
     cf4:	4008                	lw	a0,0(s0)
     cf6:	0ff97993          	andi	s3,s2,255
     cfa:	0ff97913          	andi	s2,s2,255
     cfe:	8d1d                	sub	a0,a0,a5
     d00:	485c                	lw	a5,20(s0)
     d02:	00f54663          	blt	a0,a5,d0e <__swbuf_r+0x52>
     d06:	85a2                	mv	a1,s0
     d08:	8526                	mv	a0,s1
     d0a:	2c69                	jal	fa4 <_fflush_r>
     d0c:	e525                	bnez	a0,d74 <__swbuf_r+0xb8>
     d0e:	441c                	lw	a5,8(s0)
     d10:	0505                	addi	a0,a0,1
     d12:	17fd                	addi	a5,a5,-1
     d14:	c41c                	sw	a5,8(s0)
     d16:	401c                	lw	a5,0(s0)
     d18:	00178713          	addi	a4,a5,1
     d1c:	c018                	sw	a4,0(s0)
     d1e:	01378023          	sb	s3,0(a5)
     d22:	485c                	lw	a5,20(s0)
     d24:	00a78863          	beq	a5,a0,d34 <__swbuf_r+0x78>
     d28:	245e                	lhu	a5,12(s0)
     d2a:	8b85                	andi	a5,a5,1
     d2c:	cb81                	beqz	a5,d3c <__swbuf_r+0x80>
     d2e:	47a9                	li	a5,10
     d30:	00f91663          	bne	s2,a5,d3c <__swbuf_r+0x80>
     d34:	85a2                	mv	a1,s0
     d36:	8526                	mv	a0,s1
     d38:	24b5                	jal	fa4 <_fflush_r>
     d3a:	ed0d                	bnez	a0,d74 <__swbuf_r+0xb8>
     d3c:	40f2                	lw	ra,28(sp)
     d3e:	4462                	lw	s0,24(sp)
     d40:	854a                	mv	a0,s2
     d42:	44d2                	lw	s1,20(sp)
     d44:	4942                	lw	s2,16(sp)
     d46:	49b2                	lw	s3,12(sp)
     d48:	6105                	addi	sp,sp,32
     d4a:	8082                	ret
     d4c:	00001797          	auipc	a5,0x1
     d50:	07c78793          	addi	a5,a5,124 # 1dc8 <__sf_fake_stdout>
     d54:	00f41463          	bne	s0,a5,d5c <__swbuf_r+0xa0>
     d58:	4480                	lw	s0,8(s1)
     d5a:	b769                	j	ce4 <__swbuf_r+0x28>
     d5c:	00001797          	auipc	a5,0x1
     d60:	02c78793          	addi	a5,a5,44 # 1d88 <__sf_fake_stderr>
     d64:	f8f410e3          	bne	s0,a5,ce4 <__swbuf_r+0x28>
     d68:	44c0                	lw	s0,12(s1)
     d6a:	bfad                	j	ce4 <__swbuf_r+0x28>
     d6c:	85a2                	mv	a1,s0
     d6e:	8526                	mv	a0,s1
     d70:	2021                	jal	d78 <__swsetup_r>
     d72:	d141                	beqz	a0,cf2 <__swbuf_r+0x36>
     d74:	597d                	li	s2,-1
     d76:	b7d9                	j	d3c <__swbuf_r+0x80>

00000d78 <__swsetup_r>:
     d78:	1141                	addi	sp,sp,-16
     d7a:	80c18793          	addi	a5,gp,-2036 # 2000008c <_impure_ptr>
     d7e:	c226                	sw	s1,4(sp)
     d80:	4384                	lw	s1,0(a5)
     d82:	c422                	sw	s0,8(sp)
     d84:	c04a                	sw	s2,0(sp)
     d86:	c606                	sw	ra,12(sp)
     d88:	892a                	mv	s2,a0
     d8a:	842e                	mv	s0,a1
     d8c:	c489                	beqz	s1,d96 <__swsetup_r+0x1e>
     d8e:	4c9c                	lw	a5,24(s1)
     d90:	e399                	bnez	a5,d96 <__swsetup_r+0x1e>
     d92:	8526                	mv	a0,s1
     d94:	262d                	jal	10be <__sinit>
     d96:	00001797          	auipc	a5,0x1
     d9a:	01278793          	addi	a5,a5,18 # 1da8 <__sf_fake_stdin>
     d9e:	02f41b63          	bne	s0,a5,dd4 <__swsetup_r+0x5c>
     da2:	40c0                	lw	s0,4(s1)
     da4:	00c41703          	lh	a4,12(s0)
     da8:	01071793          	slli	a5,a4,0x10
     dac:	83c1                	srli	a5,a5,0x10
     dae:	0087f693          	andi	a3,a5,8
     db2:	eaad                	bnez	a3,e24 <__swsetup_r+0xac>
     db4:	0107f693          	andi	a3,a5,16
     db8:	ee95                	bnez	a3,df4 <__swsetup_r+0x7c>
     dba:	47a5                	li	a5,9
     dbc:	00f92023          	sw	a5,0(s2)
     dc0:	04076713          	ori	a4,a4,64
     dc4:	a45a                	sh	a4,12(s0)
     dc6:	557d                	li	a0,-1
     dc8:	40b2                	lw	ra,12(sp)
     dca:	4422                	lw	s0,8(sp)
     dcc:	4492                	lw	s1,4(sp)
     dce:	4902                	lw	s2,0(sp)
     dd0:	0141                	addi	sp,sp,16
     dd2:	8082                	ret
     dd4:	00001797          	auipc	a5,0x1
     dd8:	ff478793          	addi	a5,a5,-12 # 1dc8 <__sf_fake_stdout>
     ddc:	00f41463          	bne	s0,a5,de4 <__swsetup_r+0x6c>
     de0:	4480                	lw	s0,8(s1)
     de2:	b7c9                	j	da4 <__swsetup_r+0x2c>
     de4:	00001797          	auipc	a5,0x1
     de8:	fa478793          	addi	a5,a5,-92 # 1d88 <__sf_fake_stderr>
     dec:	faf41ce3          	bne	s0,a5,da4 <__swsetup_r+0x2c>
     df0:	44c0                	lw	s0,12(s1)
     df2:	bf4d                	j	da4 <__swsetup_r+0x2c>
     df4:	8b91                	andi	a5,a5,4
     df6:	c39d                	beqz	a5,e1c <__swsetup_r+0xa4>
     df8:	584c                	lw	a1,52(s0)
     dfa:	c989                	beqz	a1,e0c <__swsetup_r+0x94>
     dfc:	04440793          	addi	a5,s0,68
     e00:	00f58463          	beq	a1,a5,e08 <__swsetup_r+0x90>
     e04:	854a                	mv	a0,s2
     e06:	2331                	jal	1312 <_free_r>
     e08:	02042a23          	sw	zero,52(s0)
     e0c:	245e                	lhu	a5,12(s0)
     e0e:	00042223          	sw	zero,4(s0)
     e12:	fdb7f793          	andi	a5,a5,-37
     e16:	a45e                	sh	a5,12(s0)
     e18:	481c                	lw	a5,16(s0)
     e1a:	c01c                	sw	a5,0(s0)
     e1c:	245e                	lhu	a5,12(s0)
     e1e:	0087e793          	ori	a5,a5,8
     e22:	a45e                	sh	a5,12(s0)
     e24:	481c                	lw	a5,16(s0)
     e26:	eb99                	bnez	a5,e3c <__swsetup_r+0xc4>
     e28:	245e                	lhu	a5,12(s0)
     e2a:	20000713          	li	a4,512
     e2e:	2807f793          	andi	a5,a5,640
     e32:	00e78563          	beq	a5,a4,e3c <__swsetup_r+0xc4>
     e36:	85a2                	mv	a1,s0
     e38:	854a                	mv	a0,s2
     e3a:	21a1                	jal	1282 <__smakebuf_r>
     e3c:	245e                	lhu	a5,12(s0)
     e3e:	0017f713          	andi	a4,a5,1
     e42:	c31d                	beqz	a4,e68 <__swsetup_r+0xf0>
     e44:	485c                	lw	a5,20(s0)
     e46:	00042423          	sw	zero,8(s0)
     e4a:	40f007b3          	neg	a5,a5
     e4e:	cc1c                	sw	a5,24(s0)
     e50:	481c                	lw	a5,16(s0)
     e52:	4501                	li	a0,0
     e54:	fbb5                	bnez	a5,dc8 <__swsetup_r+0x50>
     e56:	00c41783          	lh	a5,12(s0)
     e5a:	0807f713          	andi	a4,a5,128
     e5e:	d72d                	beqz	a4,dc8 <__swsetup_r+0x50>
     e60:	0407e793          	ori	a5,a5,64
     e64:	a45e                	sh	a5,12(s0)
     e66:	b785                	j	dc6 <__swsetup_r+0x4e>
     e68:	8b89                	andi	a5,a5,2
     e6a:	4701                	li	a4,0
     e6c:	e391                	bnez	a5,e70 <__swsetup_r+0xf8>
     e6e:	4858                	lw	a4,20(s0)
     e70:	c418                	sw	a4,8(s0)
     e72:	bff9                	j	e50 <__swsetup_r+0xd8>

00000e74 <__sflush_r>:
     e74:	25de                	lhu	a5,12(a1)
     e76:	1101                	addi	sp,sp,-32
     e78:	cc22                	sw	s0,24(sp)
     e7a:	ca26                	sw	s1,20(sp)
     e7c:	ce06                	sw	ra,28(sp)
     e7e:	c84a                	sw	s2,16(sp)
     e80:	c64e                	sw	s3,12(sp)
     e82:	0087f713          	andi	a4,a5,8
     e86:	84aa                	mv	s1,a0
     e88:	842e                	mv	s0,a1
     e8a:	eb79                	bnez	a4,f60 <__sflush_r+0xec>
     e8c:	41d8                	lw	a4,4(a1)
     e8e:	00e04d63          	bgtz	a4,ea8 <__sflush_r+0x34>
     e92:	41b8                	lw	a4,64(a1)
     e94:	00e04a63          	bgtz	a4,ea8 <__sflush_r+0x34>
     e98:	4501                	li	a0,0
     e9a:	40f2                	lw	ra,28(sp)
     e9c:	4462                	lw	s0,24(sp)
     e9e:	44d2                	lw	s1,20(sp)
     ea0:	4942                	lw	s2,16(sp)
     ea2:	49b2                	lw	s3,12(sp)
     ea4:	6105                	addi	sp,sp,32
     ea6:	8082                	ret
     ea8:	5458                	lw	a4,44(s0)
     eaa:	d77d                	beqz	a4,e98 <__sflush_r+0x24>
     eac:	0004a903          	lw	s2,0(s1)
     eb0:	01379693          	slli	a3,a5,0x13
     eb4:	0004a023          	sw	zero,0(s1)
     eb8:	0606db63          	bgez	a3,f2e <__sflush_r+0xba>
     ebc:	4870                	lw	a2,84(s0)
     ebe:	245e                	lhu	a5,12(s0)
     ec0:	8b91                	andi	a5,a5,4
     ec2:	c799                	beqz	a5,ed0 <__sflush_r+0x5c>
     ec4:	405c                	lw	a5,4(s0)
     ec6:	8e1d                	sub	a2,a2,a5
     ec8:	585c                	lw	a5,52(s0)
     eca:	c399                	beqz	a5,ed0 <__sflush_r+0x5c>
     ecc:	403c                	lw	a5,64(s0)
     ece:	8e1d                	sub	a2,a2,a5
     ed0:	545c                	lw	a5,44(s0)
     ed2:	500c                	lw	a1,32(s0)
     ed4:	4681                	li	a3,0
     ed6:	8526                	mv	a0,s1
     ed8:	9782                	jalr	a5
     eda:	57fd                	li	a5,-1
     edc:	245a                	lhu	a4,12(s0)
     ede:	00f51d63          	bne	a0,a5,ef8 <__sflush_r+0x84>
     ee2:	4094                	lw	a3,0(s1)
     ee4:	47f5                	li	a5,29
     ee6:	06d7e863          	bltu	a5,a3,f56 <__sflush_r+0xe2>
     eea:	204007b7          	lui	a5,0x20400
     eee:	0785                	addi	a5,a5,1
     ef0:	00d7d7b3          	srl	a5,a5,a3
     ef4:	8b85                	andi	a5,a5,1
     ef6:	c3a5                	beqz	a5,f56 <__sflush_r+0xe2>
     ef8:	481c                	lw	a5,16(s0)
     efa:	00042223          	sw	zero,4(s0)
     efe:	c01c                	sw	a5,0(s0)
     f00:	01371793          	slli	a5,a4,0x13
     f04:	0007d863          	bgez	a5,f14 <__sflush_r+0xa0>
     f08:	57fd                	li	a5,-1
     f0a:	00f51463          	bne	a0,a5,f12 <__sflush_r+0x9e>
     f0e:	409c                	lw	a5,0(s1)
     f10:	e391                	bnez	a5,f14 <__sflush_r+0xa0>
     f12:	c868                	sw	a0,84(s0)
     f14:	584c                	lw	a1,52(s0)
     f16:	0124a023          	sw	s2,0(s1)
     f1a:	ddbd                	beqz	a1,e98 <__sflush_r+0x24>
     f1c:	04440793          	addi	a5,s0,68
     f20:	00f58463          	beq	a1,a5,f28 <__sflush_r+0xb4>
     f24:	8526                	mv	a0,s1
     f26:	26f5                	jal	1312 <_free_r>
     f28:	02042a23          	sw	zero,52(s0)
     f2c:	b7b5                	j	e98 <__sflush_r+0x24>
     f2e:	500c                	lw	a1,32(s0)
     f30:	4601                	li	a2,0
     f32:	4685                	li	a3,1
     f34:	8526                	mv	a0,s1
     f36:	9702                	jalr	a4
     f38:	57fd                	li	a5,-1
     f3a:	862a                	mv	a2,a0
     f3c:	f8f511e3          	bne	a0,a5,ebe <__sflush_r+0x4a>
     f40:	409c                	lw	a5,0(s1)
     f42:	dfb5                	beqz	a5,ebe <__sflush_r+0x4a>
     f44:	4775                	li	a4,29
     f46:	00e78563          	beq	a5,a4,f50 <__sflush_r+0xdc>
     f4a:	4759                	li	a4,22
     f4c:	04e79363          	bne	a5,a4,f92 <__sflush_r+0x11e>
     f50:	0124a023          	sw	s2,0(s1)
     f54:	b791                	j	e98 <__sflush_r+0x24>
     f56:	04076713          	ori	a4,a4,64
     f5a:	a45a                	sh	a4,12(s0)
     f5c:	557d                	li	a0,-1
     f5e:	bf35                	j	e9a <__sflush_r+0x26>
     f60:	0105a983          	lw	s3,16(a1)
     f64:	f2098ae3          	beqz	s3,e98 <__sflush_r+0x24>
     f68:	0005a903          	lw	s2,0(a1)
     f6c:	8b8d                	andi	a5,a5,3
     f6e:	0135a023          	sw	s3,0(a1)
     f72:	41390933          	sub	s2,s2,s3
     f76:	4701                	li	a4,0
     f78:	e391                	bnez	a5,f7c <__sflush_r+0x108>
     f7a:	49d8                	lw	a4,20(a1)
     f7c:	c418                	sw	a4,8(s0)
     f7e:	f1205de3          	blez	s2,e98 <__sflush_r+0x24>
     f82:	541c                	lw	a5,40(s0)
     f84:	500c                	lw	a1,32(s0)
     f86:	86ca                	mv	a3,s2
     f88:	864e                	mv	a2,s3
     f8a:	8526                	mv	a0,s1
     f8c:	9782                	jalr	a5
     f8e:	00a04763          	bgtz	a0,f9c <__sflush_r+0x128>
     f92:	245e                	lhu	a5,12(s0)
     f94:	0407e793          	ori	a5,a5,64
     f98:	a45e                	sh	a5,12(s0)
     f9a:	b7c9                	j	f5c <__sflush_r+0xe8>
     f9c:	99aa                	add	s3,s3,a0
     f9e:	40a90933          	sub	s2,s2,a0
     fa2:	bff1                	j	f7e <__sflush_r+0x10a>

00000fa4 <_fflush_r>:
     fa4:	499c                	lw	a5,16(a1)
     fa6:	cfb9                	beqz	a5,1004 <_fflush_r+0x60>
     fa8:	1101                	addi	sp,sp,-32
     faa:	cc22                	sw	s0,24(sp)
     fac:	ce06                	sw	ra,28(sp)
     fae:	842a                	mv	s0,a0
     fb0:	c511                	beqz	a0,fbc <_fflush_r+0x18>
     fb2:	4d1c                	lw	a5,24(a0)
     fb4:	e781                	bnez	a5,fbc <_fflush_r+0x18>
     fb6:	c62e                	sw	a1,12(sp)
     fb8:	2219                	jal	10be <__sinit>
     fba:	45b2                	lw	a1,12(sp)
     fbc:	00001797          	auipc	a5,0x1
     fc0:	dec78793          	addi	a5,a5,-532 # 1da8 <__sf_fake_stdin>
     fc4:	00f59b63          	bne	a1,a5,fda <_fflush_r+0x36>
     fc8:	404c                	lw	a1,4(s0)
     fca:	00c59783          	lh	a5,12(a1)
     fce:	c795                	beqz	a5,ffa <_fflush_r+0x56>
     fd0:	8522                	mv	a0,s0
     fd2:	4462                	lw	s0,24(sp)
     fd4:	40f2                	lw	ra,28(sp)
     fd6:	6105                	addi	sp,sp,32
     fd8:	bd71                	j	e74 <__sflush_r>
     fda:	00001797          	auipc	a5,0x1
     fde:	dee78793          	addi	a5,a5,-530 # 1dc8 <__sf_fake_stdout>
     fe2:	00f59463          	bne	a1,a5,fea <_fflush_r+0x46>
     fe6:	440c                	lw	a1,8(s0)
     fe8:	b7cd                	j	fca <_fflush_r+0x26>
     fea:	00001797          	auipc	a5,0x1
     fee:	d9e78793          	addi	a5,a5,-610 # 1d88 <__sf_fake_stderr>
     ff2:	fcf59ce3          	bne	a1,a5,fca <_fflush_r+0x26>
     ff6:	444c                	lw	a1,12(s0)
     ff8:	bfc9                	j	fca <_fflush_r+0x26>
     ffa:	40f2                	lw	ra,28(sp)
     ffc:	4462                	lw	s0,24(sp)
     ffe:	4501                	li	a0,0
    1000:	6105                	addi	sp,sp,32
    1002:	8082                	ret
    1004:	4501                	li	a0,0
    1006:	8082                	ret

00001008 <std>:
    1008:	1141                	addi	sp,sp,-16
    100a:	c422                	sw	s0,8(sp)
    100c:	c606                	sw	ra,12(sp)
    100e:	842a                	mv	s0,a0
    1010:	a54e                	sh	a1,12(a0)
    1012:	a572                	sh	a2,14(a0)
    1014:	00052023          	sw	zero,0(a0)
    1018:	00052223          	sw	zero,4(a0)
    101c:	00052423          	sw	zero,8(a0)
    1020:	06052223          	sw	zero,100(a0)
    1024:	00052823          	sw	zero,16(a0)
    1028:	00052a23          	sw	zero,20(a0)
    102c:	00052c23          	sw	zero,24(a0)
    1030:	4621                	li	a2,8
    1032:	4581                	li	a1,0
    1034:	05c50513          	addi	a0,a0,92
    1038:	968ff0ef          	jal	ra,1a0 <memset>
    103c:	00001797          	auipc	a5,0x1
    1040:	b1478793          	addi	a5,a5,-1260 # 1b50 <__sread>
    1044:	d05c                	sw	a5,36(s0)
    1046:	00001797          	auipc	a5,0x1
    104a:	b3678793          	addi	a5,a5,-1226 # 1b7c <__swrite>
    104e:	d41c                	sw	a5,40(s0)
    1050:	00001797          	auipc	a5,0x1
    1054:	b7478793          	addi	a5,a5,-1164 # 1bc4 <__sseek>
    1058:	d45c                	sw	a5,44(s0)
    105a:	00001797          	auipc	a5,0x1
    105e:	b9a78793          	addi	a5,a5,-1126 # 1bf4 <__sclose>
    1062:	d000                	sw	s0,32(s0)
    1064:	d81c                	sw	a5,48(s0)
    1066:	40b2                	lw	ra,12(sp)
    1068:	4422                	lw	s0,8(sp)
    106a:	0141                	addi	sp,sp,16
    106c:	8082                	ret

0000106e <_cleanup_r>:
    106e:	00000597          	auipc	a1,0x0
    1072:	f3658593          	addi	a1,a1,-202 # fa4 <_fflush_r>
    1076:	a2a9                	j	11c0 <_fwalk_reent>

00001078 <__sfmoreglue>:
    1078:	1141                	addi	sp,sp,-16
    107a:	c226                	sw	s1,4(sp)
    107c:	06800613          	li	a2,104
    1080:	fff58493          	addi	s1,a1,-1
    1084:	02c484b3          	mul	s1,s1,a2
    1088:	c04a                	sw	s2,0(sp)
    108a:	892e                	mv	s2,a1
    108c:	c422                	sw	s0,8(sp)
    108e:	c606                	sw	ra,12(sp)
    1090:	07448593          	addi	a1,s1,116
    1094:	261d                	jal	13ba <_malloc_r>
    1096:	842a                	mv	s0,a0
    1098:	cd01                	beqz	a0,10b0 <__sfmoreglue+0x38>
    109a:	00052023          	sw	zero,0(a0)
    109e:	01252223          	sw	s2,4(a0)
    10a2:	0531                	addi	a0,a0,12
    10a4:	c408                	sw	a0,8(s0)
    10a6:	06848613          	addi	a2,s1,104
    10aa:	4581                	li	a1,0
    10ac:	8f4ff0ef          	jal	ra,1a0 <memset>
    10b0:	8522                	mv	a0,s0
    10b2:	40b2                	lw	ra,12(sp)
    10b4:	4422                	lw	s0,8(sp)
    10b6:	4492                	lw	s1,4(sp)
    10b8:	4902                	lw	s2,0(sp)
    10ba:	0141                	addi	sp,sp,16
    10bc:	8082                	ret

000010be <__sinit>:
    10be:	4d1c                	lw	a5,24(a0)
    10c0:	e3ad                	bnez	a5,1122 <__sinit+0x64>
    10c2:	1141                	addi	sp,sp,-16
    10c4:	c606                	sw	ra,12(sp)
    10c6:	c422                	sw	s0,8(sp)
    10c8:	00000797          	auipc	a5,0x0
    10cc:	fa678793          	addi	a5,a5,-90 # 106e <_cleanup_r>
    10d0:	d51c                	sw	a5,40(a0)
    10d2:	81018793          	addi	a5,gp,-2032 # 20000090 <_global_impure_ptr>
    10d6:	439c                	lw	a5,0(a5)
    10d8:	04052423          	sw	zero,72(a0)
    10dc:	04052623          	sw	zero,76(a0)
    10e0:	04052823          	sw	zero,80(a0)
    10e4:	00f51463          	bne	a0,a5,10ec <__sinit+0x2e>
    10e8:	4785                	li	a5,1
    10ea:	cd1c                	sw	a5,24(a0)
    10ec:	842a                	mv	s0,a0
    10ee:	281d                	jal	1124 <__sfp>
    10f0:	c048                	sw	a0,4(s0)
    10f2:	8522                	mv	a0,s0
    10f4:	2805                	jal	1124 <__sfp>
    10f6:	c408                	sw	a0,8(s0)
    10f8:	8522                	mv	a0,s0
    10fa:	202d                	jal	1124 <__sfp>
    10fc:	c448                	sw	a0,12(s0)
    10fe:	4048                	lw	a0,4(s0)
    1100:	4601                	li	a2,0
    1102:	4591                	li	a1,4
    1104:	3711                	jal	1008 <std>
    1106:	4408                	lw	a0,8(s0)
    1108:	4605                	li	a2,1
    110a:	45a5                	li	a1,9
    110c:	3df5                	jal	1008 <std>
    110e:	4448                	lw	a0,12(s0)
    1110:	4609                	li	a2,2
    1112:	45c9                	li	a1,18
    1114:	3dd5                	jal	1008 <std>
    1116:	4785                	li	a5,1
    1118:	cc1c                	sw	a5,24(s0)
    111a:	40b2                	lw	ra,12(sp)
    111c:	4422                	lw	s0,8(sp)
    111e:	0141                	addi	sp,sp,16
    1120:	8082                	ret
    1122:	8082                	ret

00001124 <__sfp>:
    1124:	1141                	addi	sp,sp,-16
    1126:	81018793          	addi	a5,gp,-2032 # 20000090 <_global_impure_ptr>
    112a:	c226                	sw	s1,4(sp)
    112c:	4384                	lw	s1,0(a5)
    112e:	c04a                	sw	s2,0(sp)
    1130:	c606                	sw	ra,12(sp)
    1132:	4c9c                	lw	a5,24(s1)
    1134:	c422                	sw	s0,8(sp)
    1136:	892a                	mv	s2,a0
    1138:	e399                	bnez	a5,113e <__sfp+0x1a>
    113a:	8526                	mv	a0,s1
    113c:	3749                	jal	10be <__sinit>
    113e:	04848493          	addi	s1,s1,72
    1142:	4480                	lw	s0,8(s1)
    1144:	40dc                	lw	a5,4(s1)
    1146:	17fd                	addi	a5,a5,-1
    1148:	0007d663          	bgez	a5,1154 <__sfp+0x30>
    114c:	409c                	lw	a5,0(s1)
    114e:	cfb9                	beqz	a5,11ac <__sfp+0x88>
    1150:	4084                	lw	s1,0(s1)
    1152:	bfc5                	j	1142 <__sfp+0x1e>
    1154:	00c41703          	lh	a4,12(s0)
    1158:	e739                	bnez	a4,11a6 <__sfp+0x82>
    115a:	77c1                	lui	a5,0xffff0
    115c:	0785                	addi	a5,a5,1
    115e:	06042223          	sw	zero,100(s0)
    1162:	00042023          	sw	zero,0(s0)
    1166:	00042223          	sw	zero,4(s0)
    116a:	00042423          	sw	zero,8(s0)
    116e:	c45c                	sw	a5,12(s0)
    1170:	00042823          	sw	zero,16(s0)
    1174:	00042a23          	sw	zero,20(s0)
    1178:	00042c23          	sw	zero,24(s0)
    117c:	4621                	li	a2,8
    117e:	4581                	li	a1,0
    1180:	05c40513          	addi	a0,s0,92
    1184:	81cff0ef          	jal	ra,1a0 <memset>
    1188:	02042a23          	sw	zero,52(s0)
    118c:	02042c23          	sw	zero,56(s0)
    1190:	04042423          	sw	zero,72(s0)
    1194:	04042623          	sw	zero,76(s0)
    1198:	8522                	mv	a0,s0
    119a:	40b2                	lw	ra,12(sp)
    119c:	4422                	lw	s0,8(sp)
    119e:	4492                	lw	s1,4(sp)
    11a0:	4902                	lw	s2,0(sp)
    11a2:	0141                	addi	sp,sp,16
    11a4:	8082                	ret
    11a6:	06840413          	addi	s0,s0,104
    11aa:	bf71                	j	1146 <__sfp+0x22>
    11ac:	4591                	li	a1,4
    11ae:	854a                	mv	a0,s2
    11b0:	35e1                	jal	1078 <__sfmoreglue>
    11b2:	c088                	sw	a0,0(s1)
    11b4:	fd51                	bnez	a0,1150 <__sfp+0x2c>
    11b6:	47b1                	li	a5,12
    11b8:	00f92023          	sw	a5,0(s2)
    11bc:	4401                	li	s0,0
    11be:	bfe9                	j	1198 <__sfp+0x74>

000011c0 <_fwalk_reent>:
    11c0:	7179                	addi	sp,sp,-48
    11c2:	d422                	sw	s0,40(sp)
    11c4:	d04a                	sw	s2,32(sp)
    11c6:	cc52                	sw	s4,24(sp)
    11c8:	ca56                	sw	s5,20(sp)
    11ca:	c85a                	sw	s6,16(sp)
    11cc:	c65e                	sw	s7,12(sp)
    11ce:	d606                	sw	ra,44(sp)
    11d0:	d226                	sw	s1,36(sp)
    11d2:	ce4e                	sw	s3,28(sp)
    11d4:	8a2a                	mv	s4,a0
    11d6:	8aae                	mv	s5,a1
    11d8:	04850413          	addi	s0,a0,72
    11dc:	4901                	li	s2,0
    11de:	4b05                	li	s6,1
    11e0:	5bfd                	li	s7,-1
    11e2:	ec09                	bnez	s0,11fc <_fwalk_reent+0x3c>
    11e4:	50b2                	lw	ra,44(sp)
    11e6:	5422                	lw	s0,40(sp)
    11e8:	854a                	mv	a0,s2
    11ea:	5492                	lw	s1,36(sp)
    11ec:	5902                	lw	s2,32(sp)
    11ee:	49f2                	lw	s3,28(sp)
    11f0:	4a62                	lw	s4,24(sp)
    11f2:	4ad2                	lw	s5,20(sp)
    11f4:	4b42                	lw	s6,16(sp)
    11f6:	4bb2                	lw	s7,12(sp)
    11f8:	6145                	addi	sp,sp,48
    11fa:	8082                	ret
    11fc:	4404                	lw	s1,8(s0)
    11fe:	00442983          	lw	s3,4(s0)
    1202:	19fd                	addi	s3,s3,-1
    1204:	0009d463          	bgez	s3,120c <_fwalk_reent+0x4c>
    1208:	4000                	lw	s0,0(s0)
    120a:	bfe1                	j	11e2 <_fwalk_reent+0x22>
    120c:	24de                	lhu	a5,12(s1)
    120e:	00fb7b63          	bgeu	s6,a5,1224 <_fwalk_reent+0x64>
    1212:	00e49783          	lh	a5,14(s1)
    1216:	01778763          	beq	a5,s7,1224 <_fwalk_reent+0x64>
    121a:	85a6                	mv	a1,s1
    121c:	8552                	mv	a0,s4
    121e:	9a82                	jalr	s5
    1220:	00a96933          	or	s2,s2,a0
    1224:	06848493          	addi	s1,s1,104
    1228:	bfe9                	j	1202 <_fwalk_reent+0x42>

0000122a <__swhatbuf_r>:
    122a:	7119                	addi	sp,sp,-128
    122c:	daa6                	sw	s1,116(sp)
    122e:	84ae                	mv	s1,a1
    1230:	00e59583          	lh	a1,14(a1)
    1234:	dca2                	sw	s0,120(sp)
    1236:	de86                	sw	ra,124(sp)
    1238:	8432                	mv	s0,a2
    123a:	0005db63          	bgez	a1,1250 <__swhatbuf_r+0x26>
    123e:	24de                	lhu	a5,12(s1)
    1240:	0006a023          	sw	zero,0(a3)
    1244:	0807f793          	andi	a5,a5,128
    1248:	e785                	bnez	a5,1270 <__swhatbuf_r+0x46>
    124a:	40000793          	li	a5,1024
    124e:	a01d                	j	1274 <__swhatbuf_r+0x4a>
    1250:	0830                	addi	a2,sp,24
    1252:	c636                	sw	a3,12(sp)
    1254:	1fd000ef          	jal	ra,1c50 <_fstat_r>
    1258:	46b2                	lw	a3,12(sp)
    125a:	fe0542e3          	bltz	a0,123e <__swhatbuf_r+0x14>
    125e:	4772                	lw	a4,28(sp)
    1260:	67bd                	lui	a5,0xf
    1262:	8ff9                	and	a5,a5,a4
    1264:	7779                	lui	a4,0xffffe
    1266:	97ba                	add	a5,a5,a4
    1268:	0017b793          	seqz	a5,a5
    126c:	c29c                	sw	a5,0(a3)
    126e:	bff1                	j	124a <__swhatbuf_r+0x20>
    1270:	04000793          	li	a5,64
    1274:	c01c                	sw	a5,0(s0)
    1276:	50f6                	lw	ra,124(sp)
    1278:	5466                	lw	s0,120(sp)
    127a:	54d6                	lw	s1,116(sp)
    127c:	4501                	li	a0,0
    127e:	6109                	addi	sp,sp,128
    1280:	8082                	ret

00001282 <__smakebuf_r>:
    1282:	25de                	lhu	a5,12(a1)
    1284:	1101                	addi	sp,sp,-32
    1286:	cc22                	sw	s0,24(sp)
    1288:	ce06                	sw	ra,28(sp)
    128a:	ca26                	sw	s1,20(sp)
    128c:	c84a                	sw	s2,16(sp)
    128e:	8b89                	andi	a5,a5,2
    1290:	842e                	mv	s0,a1
    1292:	cf89                	beqz	a5,12ac <__smakebuf_r+0x2a>
    1294:	04740793          	addi	a5,s0,71
    1298:	c01c                	sw	a5,0(s0)
    129a:	c81c                	sw	a5,16(s0)
    129c:	4785                	li	a5,1
    129e:	c85c                	sw	a5,20(s0)
    12a0:	40f2                	lw	ra,28(sp)
    12a2:	4462                	lw	s0,24(sp)
    12a4:	44d2                	lw	s1,20(sp)
    12a6:	4942                	lw	s2,16(sp)
    12a8:	6105                	addi	sp,sp,32
    12aa:	8082                	ret
    12ac:	0074                	addi	a3,sp,12
    12ae:	0030                	addi	a2,sp,8
    12b0:	84aa                	mv	s1,a0
    12b2:	3fa5                	jal	122a <__swhatbuf_r>
    12b4:	45a2                	lw	a1,8(sp)
    12b6:	892a                	mv	s2,a0
    12b8:	8526                	mv	a0,s1
    12ba:	2201                	jal	13ba <_malloc_r>
    12bc:	e919                	bnez	a0,12d2 <__smakebuf_r+0x50>
    12be:	00c41783          	lh	a5,12(s0)
    12c2:	2007f713          	andi	a4,a5,512
    12c6:	ff69                	bnez	a4,12a0 <__smakebuf_r+0x1e>
    12c8:	9bf1                	andi	a5,a5,-4
    12ca:	0027e793          	ori	a5,a5,2
    12ce:	a45e                	sh	a5,12(s0)
    12d0:	b7d1                	j	1294 <__smakebuf_r+0x12>
    12d2:	00000797          	auipc	a5,0x0
    12d6:	d9c78793          	addi	a5,a5,-612 # 106e <_cleanup_r>
    12da:	d49c                	sw	a5,40(s1)
    12dc:	245e                	lhu	a5,12(s0)
    12de:	c008                	sw	a0,0(s0)
    12e0:	c808                	sw	a0,16(s0)
    12e2:	0807e793          	ori	a5,a5,128
    12e6:	a45e                	sh	a5,12(s0)
    12e8:	47a2                	lw	a5,8(sp)
    12ea:	c85c                	sw	a5,20(s0)
    12ec:	47b2                	lw	a5,12(sp)
    12ee:	cf81                	beqz	a5,1306 <__smakebuf_r+0x84>
    12f0:	00e41583          	lh	a1,14(s0)
    12f4:	8526                	mv	a0,s1
    12f6:	185000ef          	jal	ra,1c7a <_isatty_r>
    12fa:	c511                	beqz	a0,1306 <__smakebuf_r+0x84>
    12fc:	245e                	lhu	a5,12(s0)
    12fe:	9bf1                	andi	a5,a5,-4
    1300:	0017e793          	ori	a5,a5,1
    1304:	a45e                	sh	a5,12(s0)
    1306:	245e                	lhu	a5,12(s0)
    1308:	00f96933          	or	s2,s2,a5
    130c:	01241623          	sh	s2,12(s0)
    1310:	bf41                	j	12a0 <__smakebuf_r+0x1e>

00001312 <_free_r>:
    1312:	c1dd                	beqz	a1,13b8 <_free_r+0xa6>
    1314:	ffc5a783          	lw	a5,-4(a1)
    1318:	1141                	addi	sp,sp,-16
    131a:	c422                	sw	s0,8(sp)
    131c:	c606                	sw	ra,12(sp)
    131e:	c226                	sw	s1,4(sp)
    1320:	ffc58413          	addi	s0,a1,-4
    1324:	0007d363          	bgez	a5,132a <_free_r+0x18>
    1328:	943e                	add	s0,s0,a5
    132a:	84aa                	mv	s1,a0
    132c:	1bb000ef          	jal	ra,1ce6 <__malloc_lock>
    1330:	83418793          	addi	a5,gp,-1996 # 200000b4 <__malloc_free_list>
    1334:	439c                	lw	a5,0(a5)
    1336:	ef81                	bnez	a5,134e <_free_r+0x3c>
    1338:	00042223          	sw	zero,4(s0)
    133c:	8281aa23          	sw	s0,-1996(gp) # 200000b4 <__malloc_free_list>
    1340:	4422                	lw	s0,8(sp)
    1342:	40b2                	lw	ra,12(sp)
    1344:	8526                	mv	a0,s1
    1346:	4492                	lw	s1,4(sp)
    1348:	0141                	addi	sp,sp,16
    134a:	19f0006f          	j	1ce8 <__malloc_unlock>
    134e:	00f47e63          	bgeu	s0,a5,136a <_free_r+0x58>
    1352:	4014                	lw	a3,0(s0)
    1354:	00d40733          	add	a4,s0,a3
    1358:	00e79663          	bne	a5,a4,1364 <_free_r+0x52>
    135c:	4398                	lw	a4,0(a5)
    135e:	43dc                	lw	a5,4(a5)
    1360:	9736                	add	a4,a4,a3
    1362:	c018                	sw	a4,0(s0)
    1364:	c05c                	sw	a5,4(s0)
    1366:	bfd9                	j	133c <_free_r+0x2a>
    1368:	87ba                	mv	a5,a4
    136a:	43d8                	lw	a4,4(a5)
    136c:	c319                	beqz	a4,1372 <_free_r+0x60>
    136e:	fee47de3          	bgeu	s0,a4,1368 <_free_r+0x56>
    1372:	4394                	lw	a3,0(a5)
    1374:	00d78633          	add	a2,a5,a3
    1378:	00861f63          	bne	a2,s0,1396 <_free_r+0x84>
    137c:	4010                	lw	a2,0(s0)
    137e:	96b2                	add	a3,a3,a2
    1380:	c394                	sw	a3,0(a5)
    1382:	00d78633          	add	a2,a5,a3
    1386:	fac71de3          	bne	a4,a2,1340 <_free_r+0x2e>
    138a:	4310                	lw	a2,0(a4)
    138c:	4358                	lw	a4,4(a4)
    138e:	96b2                	add	a3,a3,a2
    1390:	c394                	sw	a3,0(a5)
    1392:	c3d8                	sw	a4,4(a5)
    1394:	b775                	j	1340 <_free_r+0x2e>
    1396:	00c47563          	bgeu	s0,a2,13a0 <_free_r+0x8e>
    139a:	47b1                	li	a5,12
    139c:	c09c                	sw	a5,0(s1)
    139e:	b74d                	j	1340 <_free_r+0x2e>
    13a0:	4010                	lw	a2,0(s0)
    13a2:	00c406b3          	add	a3,s0,a2
    13a6:	00d71663          	bne	a4,a3,13b2 <_free_r+0xa0>
    13aa:	4314                	lw	a3,0(a4)
    13ac:	4358                	lw	a4,4(a4)
    13ae:	96b2                	add	a3,a3,a2
    13b0:	c014                	sw	a3,0(s0)
    13b2:	c058                	sw	a4,4(s0)
    13b4:	c3c0                	sw	s0,4(a5)
    13b6:	b769                	j	1340 <_free_r+0x2e>
    13b8:	8082                	ret

000013ba <_malloc_r>:
    13ba:	1101                	addi	sp,sp,-32
    13bc:	ca26                	sw	s1,20(sp)
    13be:	00358493          	addi	s1,a1,3
    13c2:	98f1                	andi	s1,s1,-4
    13c4:	ce06                	sw	ra,28(sp)
    13c6:	cc22                	sw	s0,24(sp)
    13c8:	c84a                	sw	s2,16(sp)
    13ca:	c64e                	sw	s3,12(sp)
    13cc:	04a1                	addi	s1,s1,8
    13ce:	47b1                	li	a5,12
    13d0:	04f4f363          	bgeu	s1,a5,1416 <_malloc_r+0x5c>
    13d4:	44b1                	li	s1,12
    13d6:	04b4e263          	bltu	s1,a1,141a <_malloc_r+0x60>
    13da:	892a                	mv	s2,a0
    13dc:	10b000ef          	jal	ra,1ce6 <__malloc_lock>
    13e0:	83418793          	addi	a5,gp,-1996 # 200000b4 <__malloc_free_list>
    13e4:	4398                	lw	a4,0(a5)
    13e6:	843a                	mv	s0,a4
    13e8:	e039                	bnez	s0,142e <_malloc_r+0x74>
    13ea:	83818793          	addi	a5,gp,-1992 # 200000b8 <__malloc_sbrk_start>
    13ee:	439c                	lw	a5,0(a5)
    13f0:	e791                	bnez	a5,13fc <_malloc_r+0x42>
    13f2:	4581                	li	a1,0
    13f4:	854a                	mv	a0,s2
    13f6:	2f05                	jal	1b26 <_sbrk_r>
    13f8:	82a1ac23          	sw	a0,-1992(gp) # 200000b8 <__malloc_sbrk_start>
    13fc:	85a6                	mv	a1,s1
    13fe:	854a                	mv	a0,s2
    1400:	271d                	jal	1b26 <_sbrk_r>
    1402:	59fd                	li	s3,-1
    1404:	07351963          	bne	a0,s3,1476 <_malloc_r+0xbc>
    1408:	47b1                	li	a5,12
    140a:	00f92023          	sw	a5,0(s2)
    140e:	854a                	mv	a0,s2
    1410:	0d9000ef          	jal	ra,1ce8 <__malloc_unlock>
    1414:	a029                	j	141e <_malloc_r+0x64>
    1416:	fc04d0e3          	bgez	s1,13d6 <_malloc_r+0x1c>
    141a:	47b1                	li	a5,12
    141c:	c11c                	sw	a5,0(a0)
    141e:	4501                	li	a0,0
    1420:	40f2                	lw	ra,28(sp)
    1422:	4462                	lw	s0,24(sp)
    1424:	44d2                	lw	s1,20(sp)
    1426:	4942                	lw	s2,16(sp)
    1428:	49b2                	lw	s3,12(sp)
    142a:	6105                	addi	sp,sp,32
    142c:	8082                	ret
    142e:	401c                	lw	a5,0(s0)
    1430:	8f85                	sub	a5,a5,s1
    1432:	0207cf63          	bltz	a5,1470 <_malloc_r+0xb6>
    1436:	46ad                	li	a3,11
    1438:	00f6f663          	bgeu	a3,a5,1444 <_malloc_r+0x8a>
    143c:	c01c                	sw	a5,0(s0)
    143e:	943e                	add	s0,s0,a5
    1440:	c004                	sw	s1,0(s0)
    1442:	a031                	j	144e <_malloc_r+0x94>
    1444:	405c                	lw	a5,4(s0)
    1446:	02871363          	bne	a4,s0,146c <_malloc_r+0xb2>
    144a:	82f1aa23          	sw	a5,-1996(gp) # 200000b4 <__malloc_free_list>
    144e:	854a                	mv	a0,s2
    1450:	099000ef          	jal	ra,1ce8 <__malloc_unlock>
    1454:	00b40513          	addi	a0,s0,11
    1458:	00440793          	addi	a5,s0,4
    145c:	9961                	andi	a0,a0,-8
    145e:	40f50733          	sub	a4,a0,a5
    1462:	df5d                	beqz	a4,1420 <_malloc_r+0x66>
    1464:	943a                	add	s0,s0,a4
    1466:	8f89                	sub	a5,a5,a0
    1468:	c01c                	sw	a5,0(s0)
    146a:	bf5d                	j	1420 <_malloc_r+0x66>
    146c:	c35c                	sw	a5,4(a4)
    146e:	b7c5                	j	144e <_malloc_r+0x94>
    1470:	8722                	mv	a4,s0
    1472:	4040                	lw	s0,4(s0)
    1474:	bf95                	j	13e8 <_malloc_r+0x2e>
    1476:	00350413          	addi	s0,a0,3
    147a:	9871                	andi	s0,s0,-4
    147c:	fc8502e3          	beq	a0,s0,1440 <_malloc_r+0x86>
    1480:	40a405b3          	sub	a1,s0,a0
    1484:	854a                	mv	a0,s2
    1486:	2545                	jal	1b26 <_sbrk_r>
    1488:	fb351ce3          	bne	a0,s3,1440 <_malloc_r+0x86>
    148c:	bfb5                	j	1408 <_malloc_r+0x4e>

0000148e <__sfputc_r>:
    148e:	461c                	lw	a5,8(a2)
    1490:	17fd                	addi	a5,a5,-1
    1492:	c61c                	sw	a5,8(a2)
    1494:	0007da63          	bgez	a5,14a8 <__sfputc_r+0x1a>
    1498:	4e18                	lw	a4,24(a2)
    149a:	00e7c563          	blt	a5,a4,14a4 <__sfputc_r+0x16>
    149e:	47a9                	li	a5,10
    14a0:	00f59463          	bne	a1,a5,14a8 <__sfputc_r+0x1a>
    14a4:	819ff06f          	j	cbc <__swbuf_r>
    14a8:	421c                	lw	a5,0(a2)
    14aa:	852e                	mv	a0,a1
    14ac:	00178713          	addi	a4,a5,1
    14b0:	c218                	sw	a4,0(a2)
    14b2:	a38c                	sb	a1,0(a5)
    14b4:	8082                	ret

000014b6 <__sfputs_r>:
    14b6:	1101                	addi	sp,sp,-32
    14b8:	cc22                	sw	s0,24(sp)
    14ba:	ca26                	sw	s1,20(sp)
    14bc:	c84a                	sw	s2,16(sp)
    14be:	c64e                	sw	s3,12(sp)
    14c0:	c452                	sw	s4,8(sp)
    14c2:	ce06                	sw	ra,28(sp)
    14c4:	892a                	mv	s2,a0
    14c6:	89ae                	mv	s3,a1
    14c8:	8432                	mv	s0,a2
    14ca:	00d604b3          	add	s1,a2,a3
    14ce:	5a7d                	li	s4,-1
    14d0:	00941463          	bne	s0,s1,14d8 <__sfputs_r+0x22>
    14d4:	4501                	li	a0,0
    14d6:	a801                	j	14e6 <__sfputs_r+0x30>
    14d8:	200c                	lbu	a1,0(s0)
    14da:	864e                	mv	a2,s3
    14dc:	854a                	mv	a0,s2
    14de:	3f45                	jal	148e <__sfputc_r>
    14e0:	0405                	addi	s0,s0,1
    14e2:	ff4517e3          	bne	a0,s4,14d0 <__sfputs_r+0x1a>
    14e6:	40f2                	lw	ra,28(sp)
    14e8:	4462                	lw	s0,24(sp)
    14ea:	44d2                	lw	s1,20(sp)
    14ec:	4942                	lw	s2,16(sp)
    14ee:	49b2                	lw	s3,12(sp)
    14f0:	4a22                	lw	s4,8(sp)
    14f2:	6105                	addi	sp,sp,32
    14f4:	8082                	ret

000014f6 <_vfiprintf_r>:
    14f6:	7135                	addi	sp,sp,-160
    14f8:	cd22                	sw	s0,152(sp)
    14fa:	cb26                	sw	s1,148(sp)
    14fc:	c94a                	sw	s2,144(sp)
    14fe:	c74e                	sw	s3,140(sp)
    1500:	cf06                	sw	ra,156(sp)
    1502:	c552                	sw	s4,136(sp)
    1504:	c356                	sw	s5,132(sp)
    1506:	c15a                	sw	s6,128(sp)
    1508:	dede                	sw	s7,124(sp)
    150a:	dce2                	sw	s8,120(sp)
    150c:	dae6                	sw	s9,116(sp)
    150e:	89aa                	mv	s3,a0
    1510:	84ae                	mv	s1,a1
    1512:	8932                	mv	s2,a2
    1514:	8436                	mv	s0,a3
    1516:	c501                	beqz	a0,151e <_vfiprintf_r+0x28>
    1518:	4d1c                	lw	a5,24(a0)
    151a:	e391                	bnez	a5,151e <_vfiprintf_r+0x28>
    151c:	364d                	jal	10be <__sinit>
    151e:	00001797          	auipc	a5,0x1
    1522:	88a78793          	addi	a5,a5,-1910 # 1da8 <__sf_fake_stdin>
    1526:	0cf49763          	bne	s1,a5,15f4 <_vfiprintf_r+0xfe>
    152a:	0049a483          	lw	s1,4(s3)
    152e:	24de                	lhu	a5,12(s1)
    1530:	8ba1                	andi	a5,a5,8
    1532:	c3fd                	beqz	a5,1618 <_vfiprintf_r+0x122>
    1534:	489c                	lw	a5,16(s1)
    1536:	c3ed                	beqz	a5,1618 <_vfiprintf_r+0x122>
    1538:	02000793          	li	a5,32
    153c:	02f104a3          	sb	a5,41(sp)
    1540:	03000793          	li	a5,48
    1544:	d202                	sw	zero,36(sp)
    1546:	02f10523          	sb	a5,42(sp)
    154a:	c622                	sw	s0,12(sp)
    154c:	02500b93          	li	s7,37
    1550:	00001a97          	auipc	s5,0x1
    1554:	898a8a93          	addi	s5,s5,-1896 # 1de8 <__sf_fake_stdout+0x20>
    1558:	4c05                	li	s8,1
    155a:	4b29                	li	s6,10
    155c:	844a                	mv	s0,s2
    155e:	201c                	lbu	a5,0(s0)
    1560:	c399                	beqz	a5,1566 <_vfiprintf_r+0x70>
    1562:	0d779e63          	bne	a5,s7,163e <_vfiprintf_r+0x148>
    1566:	41240cb3          	sub	s9,s0,s2
    156a:	000c8d63          	beqz	s9,1584 <_vfiprintf_r+0x8e>
    156e:	86e6                	mv	a3,s9
    1570:	864a                	mv	a2,s2
    1572:	85a6                	mv	a1,s1
    1574:	854e                	mv	a0,s3
    1576:	3781                	jal	14b6 <__sfputs_r>
    1578:	57fd                	li	a5,-1
    157a:	1cf50f63          	beq	a0,a5,1758 <_vfiprintf_r+0x262>
    157e:	5692                	lw	a3,36(sp)
    1580:	96e6                	add	a3,a3,s9
    1582:	d236                	sw	a3,36(sp)
    1584:	201c                	lbu	a5,0(s0)
    1586:	1c078963          	beqz	a5,1758 <_vfiprintf_r+0x262>
    158a:	57fd                	li	a5,-1
    158c:	00140913          	addi	s2,s0,1
    1590:	c802                	sw	zero,16(sp)
    1592:	ce02                	sw	zero,28(sp)
    1594:	ca3e                	sw	a5,20(sp)
    1596:	cc02                	sw	zero,24(sp)
    1598:	040109a3          	sb	zero,83(sp)
    159c:	d482                	sw	zero,104(sp)
    159e:	00094583          	lbu	a1,0(s2)
    15a2:	4615                	li	a2,5
    15a4:	8556                	mv	a0,s5
    15a6:	2725                	jal	1cce <memchr>
    15a8:	00190413          	addi	s0,s2,1
    15ac:	47c2                	lw	a5,16(sp)
    15ae:	e951                	bnez	a0,1642 <_vfiprintf_r+0x14c>
    15b0:	0107f713          	andi	a4,a5,16
    15b4:	c709                	beqz	a4,15be <_vfiprintf_r+0xc8>
    15b6:	02000713          	li	a4,32
    15ba:	04e109a3          	sb	a4,83(sp)
    15be:	0087f713          	andi	a4,a5,8
    15c2:	c709                	beqz	a4,15cc <_vfiprintf_r+0xd6>
    15c4:	02b00713          	li	a4,43
    15c8:	04e109a3          	sb	a4,83(sp)
    15cc:	00094683          	lbu	a3,0(s2)
    15d0:	02a00713          	li	a4,42
    15d4:	06e68f63          	beq	a3,a4,1652 <_vfiprintf_r+0x15c>
    15d8:	47f2                	lw	a5,28(sp)
    15da:	844a                	mv	s0,s2
    15dc:	4681                	li	a3,0
    15de:	4625                	li	a2,9
    15e0:	2018                	lbu	a4,0(s0)
    15e2:	00140593          	addi	a1,s0,1
    15e6:	fd070713          	addi	a4,a4,-48 # ffffdfd0 <_eusrstack+0xdfff8fd0>
    15ea:	0ae67763          	bgeu	a2,a4,1698 <_vfiprintf_r+0x1a2>
    15ee:	cab5                	beqz	a3,1662 <_vfiprintf_r+0x16c>
    15f0:	ce3e                	sw	a5,28(sp)
    15f2:	a885                	j	1662 <_vfiprintf_r+0x16c>
    15f4:	00000797          	auipc	a5,0x0
    15f8:	7d478793          	addi	a5,a5,2004 # 1dc8 <__sf_fake_stdout>
    15fc:	00f49563          	bne	s1,a5,1606 <_vfiprintf_r+0x110>
    1600:	0089a483          	lw	s1,8(s3)
    1604:	b72d                	j	152e <_vfiprintf_r+0x38>
    1606:	00000797          	auipc	a5,0x0
    160a:	78278793          	addi	a5,a5,1922 # 1d88 <__sf_fake_stderr>
    160e:	f2f490e3          	bne	s1,a5,152e <_vfiprintf_r+0x38>
    1612:	00c9a483          	lw	s1,12(s3)
    1616:	bf21                	j	152e <_vfiprintf_r+0x38>
    1618:	85a6                	mv	a1,s1
    161a:	854e                	mv	a0,s3
    161c:	f5cff0ef          	jal	ra,d78 <__swsetup_r>
    1620:	dd01                	beqz	a0,1538 <_vfiprintf_r+0x42>
    1622:	557d                	li	a0,-1
    1624:	40fa                	lw	ra,156(sp)
    1626:	446a                	lw	s0,152(sp)
    1628:	44da                	lw	s1,148(sp)
    162a:	494a                	lw	s2,144(sp)
    162c:	49ba                	lw	s3,140(sp)
    162e:	4a2a                	lw	s4,136(sp)
    1630:	4a9a                	lw	s5,132(sp)
    1632:	4b0a                	lw	s6,128(sp)
    1634:	5bf6                	lw	s7,124(sp)
    1636:	5c66                	lw	s8,120(sp)
    1638:	5cd6                	lw	s9,116(sp)
    163a:	610d                	addi	sp,sp,160
    163c:	8082                	ret
    163e:	0405                	addi	s0,s0,1
    1640:	bf39                	j	155e <_vfiprintf_r+0x68>
    1642:	41550533          	sub	a0,a0,s5
    1646:	00ac1533          	sll	a0,s8,a0
    164a:	8fc9                	or	a5,a5,a0
    164c:	c83e                	sw	a5,16(sp)
    164e:	8922                	mv	s2,s0
    1650:	b7b9                	j	159e <_vfiprintf_r+0xa8>
    1652:	4732                	lw	a4,12(sp)
    1654:	00470693          	addi	a3,a4,4
    1658:	4318                	lw	a4,0(a4)
    165a:	c636                	sw	a3,12(sp)
    165c:	02074763          	bltz	a4,168a <_vfiprintf_r+0x194>
    1660:	ce3a                	sw	a4,28(sp)
    1662:	2018                	lbu	a4,0(s0)
    1664:	02e00793          	li	a5,46
    1668:	04f71d63          	bne	a4,a5,16c2 <_vfiprintf_r+0x1cc>
    166c:	3018                	lbu	a4,1(s0)
    166e:	02a00793          	li	a5,42
    1672:	02f71b63          	bne	a4,a5,16a8 <_vfiprintf_r+0x1b2>
    1676:	47b2                	lw	a5,12(sp)
    1678:	0409                	addi	s0,s0,2
    167a:	00478713          	addi	a4,a5,4
    167e:	439c                	lw	a5,0(a5)
    1680:	c63a                	sw	a4,12(sp)
    1682:	0207c163          	bltz	a5,16a4 <_vfiprintf_r+0x1ae>
    1686:	ca3e                	sw	a5,20(sp)
    1688:	a82d                	j	16c2 <_vfiprintf_r+0x1cc>
    168a:	40e00733          	neg	a4,a4
    168e:	0027e793          	ori	a5,a5,2
    1692:	ce3a                	sw	a4,28(sp)
    1694:	c83e                	sw	a5,16(sp)
    1696:	b7f1                	j	1662 <_vfiprintf_r+0x16c>
    1698:	036787b3          	mul	a5,a5,s6
    169c:	4685                	li	a3,1
    169e:	842e                	mv	s0,a1
    16a0:	97ba                	add	a5,a5,a4
    16a2:	bf3d                	j	15e0 <_vfiprintf_r+0xea>
    16a4:	57fd                	li	a5,-1
    16a6:	b7c5                	j	1686 <_vfiprintf_r+0x190>
    16a8:	0405                	addi	s0,s0,1
    16aa:	ca02                	sw	zero,20(sp)
    16ac:	4681                	li	a3,0
    16ae:	4781                	li	a5,0
    16b0:	4625                	li	a2,9
    16b2:	2018                	lbu	a4,0(s0)
    16b4:	00140593          	addi	a1,s0,1
    16b8:	fd070713          	addi	a4,a4,-48
    16bc:	06e67463          	bgeu	a2,a4,1724 <_vfiprintf_r+0x22e>
    16c0:	f2f9                	bnez	a3,1686 <_vfiprintf_r+0x190>
    16c2:	200c                	lbu	a1,0(s0)
    16c4:	460d                	li	a2,3
    16c6:	00000517          	auipc	a0,0x0
    16ca:	72a50513          	addi	a0,a0,1834 # 1df0 <__sf_fake_stdout+0x28>
    16ce:	2501                	jal	1cce <memchr>
    16d0:	cd11                	beqz	a0,16ec <_vfiprintf_r+0x1f6>
    16d2:	00000797          	auipc	a5,0x0
    16d6:	71e78793          	addi	a5,a5,1822 # 1df0 <__sf_fake_stdout+0x28>
    16da:	8d1d                	sub	a0,a0,a5
    16dc:	04000793          	li	a5,64
    16e0:	00a797b3          	sll	a5,a5,a0
    16e4:	4542                	lw	a0,16(sp)
    16e6:	0405                	addi	s0,s0,1
    16e8:	8d5d                	or	a0,a0,a5
    16ea:	c82a                	sw	a0,16(sp)
    16ec:	200c                	lbu	a1,0(s0)
    16ee:	4619                	li	a2,6
    16f0:	00000517          	auipc	a0,0x0
    16f4:	70450513          	addi	a0,a0,1796 # 1df4 <__sf_fake_stdout+0x2c>
    16f8:	00140913          	addi	s2,s0,1
    16fc:	02b10423          	sb	a1,40(sp)
    1700:	23f9                	jal	1cce <memchr>
    1702:	c135                	beqz	a0,1766 <_vfiprintf_r+0x270>
    1704:	fffff797          	auipc	a5,0xfffff
    1708:	8fc78793          	addi	a5,a5,-1796 # 0 <_sinit>
    170c:	e795                	bnez	a5,1738 <_vfiprintf_r+0x242>
    170e:	4742                	lw	a4,16(sp)
    1710:	47b2                	lw	a5,12(sp)
    1712:	10077713          	andi	a4,a4,256
    1716:	cf09                	beqz	a4,1730 <_vfiprintf_r+0x23a>
    1718:	0791                	addi	a5,a5,4
    171a:	c63e                	sw	a5,12(sp)
    171c:	5792                	lw	a5,36(sp)
    171e:	97d2                	add	a5,a5,s4
    1720:	d23e                	sw	a5,36(sp)
    1722:	bd2d                	j	155c <_vfiprintf_r+0x66>
    1724:	036787b3          	mul	a5,a5,s6
    1728:	4685                	li	a3,1
    172a:	842e                	mv	s0,a1
    172c:	97ba                	add	a5,a5,a4
    172e:	b751                	j	16b2 <_vfiprintf_r+0x1bc>
    1730:	079d                	addi	a5,a5,7
    1732:	9be1                	andi	a5,a5,-8
    1734:	07a1                	addi	a5,a5,8
    1736:	b7d5                	j	171a <_vfiprintf_r+0x224>
    1738:	0078                	addi	a4,sp,12
    173a:	00000697          	auipc	a3,0x0
    173e:	d7c68693          	addi	a3,a3,-644 # 14b6 <__sfputs_r>
    1742:	8626                	mv	a2,s1
    1744:	080c                	addi	a1,sp,16
    1746:	854e                	mv	a0,s3
    1748:	00000097          	auipc	ra,0x0
    174c:	000000e7          	jalr	zero # 0 <_sinit>
    1750:	57fd                	li	a5,-1
    1752:	8a2a                	mv	s4,a0
    1754:	fcf514e3          	bne	a0,a5,171c <_vfiprintf_r+0x226>
    1758:	24de                	lhu	a5,12(s1)
    175a:	0407f793          	andi	a5,a5,64
    175e:	ec0792e3          	bnez	a5,1622 <_vfiprintf_r+0x12c>
    1762:	5512                	lw	a0,36(sp)
    1764:	b5c1                	j	1624 <_vfiprintf_r+0x12e>
    1766:	0078                	addi	a4,sp,12
    1768:	00000697          	auipc	a3,0x0
    176c:	d4e68693          	addi	a3,a3,-690 # 14b6 <__sfputs_r>
    1770:	8626                	mv	a2,s1
    1772:	080c                	addi	a1,sp,16
    1774:	854e                	mv	a0,s3
    1776:	2a01                	jal	1886 <_printf_i>
    1778:	bfe1                	j	1750 <_vfiprintf_r+0x25a>

0000177a <_printf_common>:
    177a:	7179                	addi	sp,sp,-48
    177c:	ca56                	sw	s5,20(sp)
    177e:	499c                	lw	a5,16(a1)
    1780:	8aba                	mv	s5,a4
    1782:	4598                	lw	a4,8(a1)
    1784:	d422                	sw	s0,40(sp)
    1786:	d226                	sw	s1,36(sp)
    1788:	ce4e                	sw	s3,28(sp)
    178a:	cc52                	sw	s4,24(sp)
    178c:	d606                	sw	ra,44(sp)
    178e:	d04a                	sw	s2,32(sp)
    1790:	c85a                	sw	s6,16(sp)
    1792:	c65e                	sw	s7,12(sp)
    1794:	89aa                	mv	s3,a0
    1796:	842e                	mv	s0,a1
    1798:	84b2                	mv	s1,a2
    179a:	8a36                	mv	s4,a3
    179c:	00e7d363          	bge	a5,a4,17a2 <_printf_common+0x28>
    17a0:	87ba                	mv	a5,a4
    17a2:	c09c                	sw	a5,0(s1)
    17a4:	04344703          	lbu	a4,67(s0)
    17a8:	c319                	beqz	a4,17ae <_printf_common+0x34>
    17aa:	0785                	addi	a5,a5,1
    17ac:	c09c                	sw	a5,0(s1)
    17ae:	401c                	lw	a5,0(s0)
    17b0:	0207f793          	andi	a5,a5,32
    17b4:	c781                	beqz	a5,17bc <_printf_common+0x42>
    17b6:	409c                	lw	a5,0(s1)
    17b8:	0789                	addi	a5,a5,2
    17ba:	c09c                	sw	a5,0(s1)
    17bc:	00042903          	lw	s2,0(s0)
    17c0:	00697913          	andi	s2,s2,6
    17c4:	00091a63          	bnez	s2,17d8 <_printf_common+0x5e>
    17c8:	01940b13          	addi	s6,s0,25
    17cc:	5bfd                	li	s7,-1
    17ce:	445c                	lw	a5,12(s0)
    17d0:	4098                	lw	a4,0(s1)
    17d2:	8f99                	sub	a5,a5,a4
    17d4:	04f94c63          	blt	s2,a5,182c <_printf_common+0xb2>
    17d8:	401c                	lw	a5,0(s0)
    17da:	04344683          	lbu	a3,67(s0)
    17de:	0207f793          	andi	a5,a5,32
    17e2:	00d036b3          	snez	a3,a3
    17e6:	eba5                	bnez	a5,1856 <_printf_common+0xdc>
    17e8:	04340613          	addi	a2,s0,67
    17ec:	85d2                	mv	a1,s4
    17ee:	854e                	mv	a0,s3
    17f0:	9a82                	jalr	s5
    17f2:	57fd                	li	a5,-1
    17f4:	04f50363          	beq	a0,a5,183a <_printf_common+0xc0>
    17f8:	401c                	lw	a5,0(s0)
    17fa:	4611                	li	a2,4
    17fc:	4098                	lw	a4,0(s1)
    17fe:	8b99                	andi	a5,a5,6
    1800:	4454                	lw	a3,12(s0)
    1802:	4481                	li	s1,0
    1804:	00c79763          	bne	a5,a2,1812 <_printf_common+0x98>
    1808:	40e684b3          	sub	s1,a3,a4
    180c:	0004d363          	bgez	s1,1812 <_printf_common+0x98>
    1810:	4481                	li	s1,0
    1812:	441c                	lw	a5,8(s0)
    1814:	4818                	lw	a4,16(s0)
    1816:	00f75463          	bge	a4,a5,181e <_printf_common+0xa4>
    181a:	8f99                	sub	a5,a5,a4
    181c:	94be                	add	s1,s1,a5
    181e:	4901                	li	s2,0
    1820:	0469                	addi	s0,s0,26
    1822:	5b7d                	li	s6,-1
    1824:	05249863          	bne	s1,s2,1874 <_printf_common+0xfa>
    1828:	4501                	li	a0,0
    182a:	a809                	j	183c <_printf_common+0xc2>
    182c:	4685                	li	a3,1
    182e:	865a                	mv	a2,s6
    1830:	85d2                	mv	a1,s4
    1832:	854e                	mv	a0,s3
    1834:	9a82                	jalr	s5
    1836:	01751e63          	bne	a0,s7,1852 <_printf_common+0xd8>
    183a:	557d                	li	a0,-1
    183c:	50b2                	lw	ra,44(sp)
    183e:	5422                	lw	s0,40(sp)
    1840:	5492                	lw	s1,36(sp)
    1842:	5902                	lw	s2,32(sp)
    1844:	49f2                	lw	s3,28(sp)
    1846:	4a62                	lw	s4,24(sp)
    1848:	4ad2                	lw	s5,20(sp)
    184a:	4b42                	lw	s6,16(sp)
    184c:	4bb2                	lw	s7,12(sp)
    184e:	6145                	addi	sp,sp,48
    1850:	8082                	ret
    1852:	0905                	addi	s2,s2,1
    1854:	bfad                	j	17ce <_printf_common+0x54>
    1856:	00d40733          	add	a4,s0,a3
    185a:	03000613          	li	a2,48
    185e:	04c701a3          	sb	a2,67(a4)
    1862:	04544703          	lbu	a4,69(s0)
    1866:	00168793          	addi	a5,a3,1
    186a:	97a2                	add	a5,a5,s0
    186c:	0689                	addi	a3,a3,2
    186e:	04e781a3          	sb	a4,67(a5)
    1872:	bf9d                	j	17e8 <_printf_common+0x6e>
    1874:	4685                	li	a3,1
    1876:	8622                	mv	a2,s0
    1878:	85d2                	mv	a1,s4
    187a:	854e                	mv	a0,s3
    187c:	9a82                	jalr	s5
    187e:	fb650ee3          	beq	a0,s6,183a <_printf_common+0xc0>
    1882:	0905                	addi	s2,s2,1
    1884:	b745                	j	1824 <_printf_common+0xaa>

00001886 <_printf_i>:
    1886:	7179                	addi	sp,sp,-48
    1888:	d422                	sw	s0,40(sp)
    188a:	d226                	sw	s1,36(sp)
    188c:	d04a                	sw	s2,32(sp)
    188e:	ce4e                	sw	s3,28(sp)
    1890:	d606                	sw	ra,44(sp)
    1892:	cc52                	sw	s4,24(sp)
    1894:	ca56                	sw	s5,20(sp)
    1896:	c85a                	sw	s6,16(sp)
    1898:	89b6                	mv	s3,a3
    189a:	2d94                	lbu	a3,24(a1)
    189c:	06900793          	li	a5,105
    18a0:	8932                	mv	s2,a2
    18a2:	84aa                	mv	s1,a0
    18a4:	842e                	mv	s0,a1
    18a6:	04358613          	addi	a2,a1,67
    18aa:	02f68d63          	beq	a3,a5,18e4 <_printf_i+0x5e>
    18ae:	06d7e263          	bltu	a5,a3,1912 <_printf_i+0x8c>
    18b2:	05800793          	li	a5,88
    18b6:	18f68563          	beq	a3,a5,1a40 <_printf_i+0x1ba>
    18ba:	00d7ed63          	bltu	a5,a3,18d4 <_printf_i+0x4e>
    18be:	20068d63          	beqz	a3,1ad8 <_printf_i+0x252>
    18c2:	04300793          	li	a5,67
    18c6:	0af68e63          	beq	a3,a5,1982 <_printf_i+0xfc>
    18ca:	04240a93          	addi	s5,s0,66
    18ce:	04d40123          	sb	a3,66(s0)
    18d2:	a0c9                	j	1994 <_printf_i+0x10e>
    18d4:	06300793          	li	a5,99
    18d8:	0af68563          	beq	a3,a5,1982 <_printf_i+0xfc>
    18dc:	06400793          	li	a5,100
    18e0:	fef695e3          	bne	a3,a5,18ca <_printf_i+0x44>
    18e4:	401c                	lw	a5,0(s0)
    18e6:	4308                	lw	a0,0(a4)
    18e8:	0807f693          	andi	a3,a5,128
    18ec:	00450593          	addi	a1,a0,4
    18f0:	c6c5                	beqz	a3,1998 <_printf_i+0x112>
    18f2:	411c                	lw	a5,0(a0)
    18f4:	c30c                	sw	a1,0(a4)
    18f6:	0007d863          	bgez	a5,1906 <_printf_i+0x80>
    18fa:	02d00713          	li	a4,45
    18fe:	40f007b3          	neg	a5,a5
    1902:	04e401a3          	sb	a4,67(s0)
    1906:	00000697          	auipc	a3,0x0
    190a:	4f668693          	addi	a3,a3,1270 # 1dfc <__sf_fake_stdout+0x34>
    190e:	4729                	li	a4,10
    1910:	a865                	j	19c8 <_printf_i+0x142>
    1912:	07000793          	li	a5,112
    1916:	16f68163          	beq	a3,a5,1a78 <_printf_i+0x1f2>
    191a:	02d7e563          	bltu	a5,a3,1944 <_printf_i+0xbe>
    191e:	06e00793          	li	a5,110
    1922:	18f68863          	beq	a3,a5,1ab2 <_printf_i+0x22c>
    1926:	06f00793          	li	a5,111
    192a:	faf690e3          	bne	a3,a5,18ca <_printf_i+0x44>
    192e:	400c                	lw	a1,0(s0)
    1930:	431c                	lw	a5,0(a4)
    1932:	0805f813          	andi	a6,a1,128
    1936:	00478513          	addi	a0,a5,4
    193a:	06080763          	beqz	a6,19a8 <_printf_i+0x122>
    193e:	c308                	sw	a0,0(a4)
    1940:	439c                	lw	a5,0(a5)
    1942:	a885                	j	19b2 <_printf_i+0x12c>
    1944:	07500793          	li	a5,117
    1948:	fef683e3          	beq	a3,a5,192e <_printf_i+0xa8>
    194c:	07800793          	li	a5,120
    1950:	12f68863          	beq	a3,a5,1a80 <_printf_i+0x1fa>
    1954:	07300793          	li	a5,115
    1958:	f6f699e3          	bne	a3,a5,18ca <_printf_i+0x44>
    195c:	431c                	lw	a5,0(a4)
    195e:	41d0                	lw	a2,4(a1)
    1960:	4581                	li	a1,0
    1962:	00478693          	addi	a3,a5,4
    1966:	c314                	sw	a3,0(a4)
    1968:	0007aa83          	lw	s5,0(a5)
    196c:	8556                	mv	a0,s5
    196e:	2685                	jal	1cce <memchr>
    1970:	c501                	beqz	a0,1978 <_printf_i+0xf2>
    1972:	41550533          	sub	a0,a0,s5
    1976:	c048                	sw	a0,4(s0)
    1978:	405c                	lw	a5,4(s0)
    197a:	c81c                	sw	a5,16(s0)
    197c:	040401a3          	sb	zero,67(s0)
    1980:	a861                	j	1a18 <_printf_i+0x192>
    1982:	431c                	lw	a5,0(a4)
    1984:	04240a93          	addi	s5,s0,66
    1988:	00478693          	addi	a3,a5,4
    198c:	439c                	lw	a5,0(a5)
    198e:	c314                	sw	a3,0(a4)
    1990:	04f40123          	sb	a5,66(s0)
    1994:	4785                	li	a5,1
    1996:	b7d5                	j	197a <_printf_i+0xf4>
    1998:	0407f693          	andi	a3,a5,64
    199c:	411c                	lw	a5,0(a0)
    199e:	c30c                	sw	a1,0(a4)
    19a0:	dab9                	beqz	a3,18f6 <_printf_i+0x70>
    19a2:	07c2                	slli	a5,a5,0x10
    19a4:	87c1                	srai	a5,a5,0x10
    19a6:	bf81                	j	18f6 <_printf_i+0x70>
    19a8:	0405f593          	andi	a1,a1,64
    19ac:	c308                	sw	a0,0(a4)
    19ae:	d9c9                	beqz	a1,1940 <_printf_i+0xba>
    19b0:	239e                	lhu	a5,0(a5)
    19b2:	06f00713          	li	a4,111
    19b6:	0ee68663          	beq	a3,a4,1aa2 <_printf_i+0x21c>
    19ba:	00000697          	auipc	a3,0x0
    19be:	44268693          	addi	a3,a3,1090 # 1dfc <__sf_fake_stdout+0x34>
    19c2:	4729                	li	a4,10
    19c4:	040401a3          	sb	zero,67(s0)
    19c8:	404c                	lw	a1,4(s0)
    19ca:	c40c                	sw	a1,8(s0)
    19cc:	0005c563          	bltz	a1,19d6 <_printf_i+0x150>
    19d0:	4008                	lw	a0,0(s0)
    19d2:	996d                	andi	a0,a0,-5
    19d4:	c008                	sw	a0,0(s0)
    19d6:	e399                	bnez	a5,19dc <_printf_i+0x156>
    19d8:	8ab2                	mv	s5,a2
    19da:	cd89                	beqz	a1,19f4 <_printf_i+0x16e>
    19dc:	8ab2                	mv	s5,a2
    19de:	02e7f5b3          	remu	a1,a5,a4
    19e2:	1afd                	addi	s5,s5,-1
    19e4:	95b6                	add	a1,a1,a3
    19e6:	218c                	lbu	a1,0(a1)
    19e8:	00ba8023          	sb	a1,0(s5)
    19ec:	02e7d5b3          	divu	a1,a5,a4
    19f0:	0ae7ff63          	bgeu	a5,a4,1aae <_printf_i+0x228>
    19f4:	47a1                	li	a5,8
    19f6:	00f71e63          	bne	a4,a5,1a12 <_printf_i+0x18c>
    19fa:	401c                	lw	a5,0(s0)
    19fc:	8b85                	andi	a5,a5,1
    19fe:	cb91                	beqz	a5,1a12 <_printf_i+0x18c>
    1a00:	4058                	lw	a4,4(s0)
    1a02:	481c                	lw	a5,16(s0)
    1a04:	00e7c763          	blt	a5,a4,1a12 <_printf_i+0x18c>
    1a08:	03000793          	li	a5,48
    1a0c:	fefa8fa3          	sb	a5,-1(s5)
    1a10:	1afd                	addi	s5,s5,-1
    1a12:	41560633          	sub	a2,a2,s5
    1a16:	c810                	sw	a2,16(s0)
    1a18:	874e                	mv	a4,s3
    1a1a:	86ca                	mv	a3,s2
    1a1c:	0070                	addi	a2,sp,12
    1a1e:	85a2                	mv	a1,s0
    1a20:	8526                	mv	a0,s1
    1a22:	3ba1                	jal	177a <_printf_common>
    1a24:	5a7d                	li	s4,-1
    1a26:	0b451d63          	bne	a0,s4,1ae0 <_printf_i+0x25a>
    1a2a:	557d                	li	a0,-1
    1a2c:	50b2                	lw	ra,44(sp)
    1a2e:	5422                	lw	s0,40(sp)
    1a30:	5492                	lw	s1,36(sp)
    1a32:	5902                	lw	s2,32(sp)
    1a34:	49f2                	lw	s3,28(sp)
    1a36:	4a62                	lw	s4,24(sp)
    1a38:	4ad2                	lw	s5,20(sp)
    1a3a:	4b42                	lw	s6,16(sp)
    1a3c:	6145                	addi	sp,sp,48
    1a3e:	8082                	ret
    1a40:	04d582a3          	sb	a3,69(a1)
    1a44:	00000697          	auipc	a3,0x0
    1a48:	3b868693          	addi	a3,a3,952 # 1dfc <__sf_fake_stdout+0x34>
    1a4c:	400c                	lw	a1,0(s0)
    1a4e:	4308                	lw	a0,0(a4)
    1a50:	0805f813          	andi	a6,a1,128
    1a54:	411c                	lw	a5,0(a0)
    1a56:	0511                	addi	a0,a0,4
    1a58:	02080d63          	beqz	a6,1a92 <_printf_i+0x20c>
    1a5c:	c308                	sw	a0,0(a4)
    1a5e:	0015f713          	andi	a4,a1,1
    1a62:	c701                	beqz	a4,1a6a <_printf_i+0x1e4>
    1a64:	0205e593          	ori	a1,a1,32
    1a68:	c00c                	sw	a1,0(s0)
    1a6a:	4741                	li	a4,16
    1a6c:	ffa1                	bnez	a5,19c4 <_printf_i+0x13e>
    1a6e:	400c                	lw	a1,0(s0)
    1a70:	fdf5f593          	andi	a1,a1,-33
    1a74:	c00c                	sw	a1,0(s0)
    1a76:	b7b9                	j	19c4 <_printf_i+0x13e>
    1a78:	419c                	lw	a5,0(a1)
    1a7a:	0207e793          	ori	a5,a5,32
    1a7e:	c19c                	sw	a5,0(a1)
    1a80:	07800793          	li	a5,120
    1a84:	04f402a3          	sb	a5,69(s0)
    1a88:	00000697          	auipc	a3,0x0
    1a8c:	38868693          	addi	a3,a3,904 # 1e10 <__sf_fake_stdout+0x48>
    1a90:	bf75                	j	1a4c <_printf_i+0x1c6>
    1a92:	0405f813          	andi	a6,a1,64
    1a96:	c308                	sw	a0,0(a4)
    1a98:	fc0803e3          	beqz	a6,1a5e <_printf_i+0x1d8>
    1a9c:	07c2                	slli	a5,a5,0x10
    1a9e:	83c1                	srli	a5,a5,0x10
    1aa0:	bf7d                	j	1a5e <_printf_i+0x1d8>
    1aa2:	00000697          	auipc	a3,0x0
    1aa6:	35a68693          	addi	a3,a3,858 # 1dfc <__sf_fake_stdout+0x34>
    1aaa:	4721                	li	a4,8
    1aac:	bf21                	j	19c4 <_printf_i+0x13e>
    1aae:	87ae                	mv	a5,a1
    1ab0:	b73d                	j	19de <_printf_i+0x158>
    1ab2:	4194                	lw	a3,0(a1)
    1ab4:	431c                	lw	a5,0(a4)
    1ab6:	49cc                	lw	a1,20(a1)
    1ab8:	0806f813          	andi	a6,a3,128
    1abc:	00478513          	addi	a0,a5,4
    1ac0:	00080663          	beqz	a6,1acc <_printf_i+0x246>
    1ac4:	c308                	sw	a0,0(a4)
    1ac6:	439c                	lw	a5,0(a5)
    1ac8:	c38c                	sw	a1,0(a5)
    1aca:	a039                	j	1ad8 <_printf_i+0x252>
    1acc:	c308                	sw	a0,0(a4)
    1ace:	0406f693          	andi	a3,a3,64
    1ad2:	439c                	lw	a5,0(a5)
    1ad4:	daf5                	beqz	a3,1ac8 <_printf_i+0x242>
    1ad6:	a38e                	sh	a1,0(a5)
    1ad8:	00042823          	sw	zero,16(s0)
    1adc:	8ab2                	mv	s5,a2
    1ade:	bf2d                	j	1a18 <_printf_i+0x192>
    1ae0:	4814                	lw	a3,16(s0)
    1ae2:	8656                	mv	a2,s5
    1ae4:	85ca                	mv	a1,s2
    1ae6:	8526                	mv	a0,s1
    1ae8:	9982                	jalr	s3
    1aea:	f54500e3          	beq	a0,s4,1a2a <_printf_i+0x1a4>
    1aee:	401c                	lw	a5,0(s0)
    1af0:	8b89                	andi	a5,a5,2
    1af2:	e78d                	bnez	a5,1b1c <_printf_i+0x296>
    1af4:	47b2                	lw	a5,12(sp)
    1af6:	4448                	lw	a0,12(s0)
    1af8:	f2f55ae3          	bge	a0,a5,1a2c <_printf_i+0x1a6>
    1afc:	853e                	mv	a0,a5
    1afe:	b73d                	j	1a2c <_printf_i+0x1a6>
    1b00:	4685                	li	a3,1
    1b02:	8656                	mv	a2,s5
    1b04:	85ca                	mv	a1,s2
    1b06:	8526                	mv	a0,s1
    1b08:	9982                	jalr	s3
    1b0a:	f36500e3          	beq	a0,s6,1a2a <_printf_i+0x1a4>
    1b0e:	0a05                	addi	s4,s4,1
    1b10:	445c                	lw	a5,12(s0)
    1b12:	4732                	lw	a4,12(sp)
    1b14:	8f99                	sub	a5,a5,a4
    1b16:	fefa45e3          	blt	s4,a5,1b00 <_printf_i+0x27a>
    1b1a:	bfe9                	j	1af4 <_printf_i+0x26e>
    1b1c:	4a01                	li	s4,0
    1b1e:	01940a93          	addi	s5,s0,25
    1b22:	5b7d                	li	s6,-1
    1b24:	b7f5                	j	1b10 <_printf_i+0x28a>

00001b26 <_sbrk_r>:
    1b26:	1141                	addi	sp,sp,-16
    1b28:	c422                	sw	s0,8(sp)
    1b2a:	842a                	mv	s0,a0
    1b2c:	852e                	mv	a0,a1
    1b2e:	8201ae23          	sw	zero,-1988(gp) # 200000bc <errno>
    1b32:	c606                	sw	ra,12(sp)
    1b34:	844ff0ef          	jal	ra,b78 <_sbrk>
    1b38:	57fd                	li	a5,-1
    1b3a:	00f51763          	bne	a0,a5,1b48 <_sbrk_r+0x22>
    1b3e:	83c18793          	addi	a5,gp,-1988 # 200000bc <errno>
    1b42:	439c                	lw	a5,0(a5)
    1b44:	c391                	beqz	a5,1b48 <_sbrk_r+0x22>
    1b46:	c01c                	sw	a5,0(s0)
    1b48:	40b2                	lw	ra,12(sp)
    1b4a:	4422                	lw	s0,8(sp)
    1b4c:	0141                	addi	sp,sp,16
    1b4e:	8082                	ret

00001b50 <__sread>:
    1b50:	1141                	addi	sp,sp,-16
    1b52:	c422                	sw	s0,8(sp)
    1b54:	842e                	mv	s0,a1
    1b56:	00e59583          	lh	a1,14(a1)
    1b5a:	c606                	sw	ra,12(sp)
    1b5c:	2279                	jal	1cea <_read_r>
    1b5e:	00054963          	bltz	a0,1b70 <__sread+0x20>
    1b62:	487c                	lw	a5,84(s0)
    1b64:	97aa                	add	a5,a5,a0
    1b66:	c87c                	sw	a5,84(s0)
    1b68:	40b2                	lw	ra,12(sp)
    1b6a:	4422                	lw	s0,8(sp)
    1b6c:	0141                	addi	sp,sp,16
    1b6e:	8082                	ret
    1b70:	245e                	lhu	a5,12(s0)
    1b72:	777d                	lui	a4,0xfffff
    1b74:	177d                	addi	a4,a4,-1
    1b76:	8ff9                	and	a5,a5,a4
    1b78:	a45e                	sh	a5,12(s0)
    1b7a:	b7fd                	j	1b68 <__sread+0x18>

00001b7c <__swrite>:
    1b7c:	25de                	lhu	a5,12(a1)
    1b7e:	1101                	addi	sp,sp,-32
    1b80:	cc22                	sw	s0,24(sp)
    1b82:	ca26                	sw	s1,20(sp)
    1b84:	c84a                	sw	s2,16(sp)
    1b86:	c64e                	sw	s3,12(sp)
    1b88:	ce06                	sw	ra,28(sp)
    1b8a:	1007f793          	andi	a5,a5,256
    1b8e:	84aa                	mv	s1,a0
    1b90:	842e                	mv	s0,a1
    1b92:	8932                	mv	s2,a2
    1b94:	89b6                	mv	s3,a3
    1b96:	c791                	beqz	a5,1ba2 <__swrite+0x26>
    1b98:	00e59583          	lh	a1,14(a1)
    1b9c:	4689                	li	a3,2
    1b9e:	4601                	li	a2,0
    1ba0:	2209                	jal	1ca2 <_lseek_r>
    1ba2:	245e                	lhu	a5,12(s0)
    1ba4:	777d                	lui	a4,0xfffff
    1ba6:	177d                	addi	a4,a4,-1
    1ba8:	8ff9                	and	a5,a5,a4
    1baa:	a45e                	sh	a5,12(s0)
    1bac:	00e41583          	lh	a1,14(s0)
    1bb0:	4462                	lw	s0,24(sp)
    1bb2:	40f2                	lw	ra,28(sp)
    1bb4:	86ce                	mv	a3,s3
    1bb6:	864a                	mv	a2,s2
    1bb8:	49b2                	lw	s3,12(sp)
    1bba:	4942                	lw	s2,16(sp)
    1bbc:	8526                	mv	a0,s1
    1bbe:	44d2                	lw	s1,20(sp)
    1bc0:	6105                	addi	sp,sp,32
    1bc2:	a825                	j	1bfa <_write_r>

00001bc4 <__sseek>:
    1bc4:	1141                	addi	sp,sp,-16
    1bc6:	c422                	sw	s0,8(sp)
    1bc8:	842e                	mv	s0,a1
    1bca:	00e59583          	lh	a1,14(a1)
    1bce:	c606                	sw	ra,12(sp)
    1bd0:	28c9                	jal	1ca2 <_lseek_r>
    1bd2:	57fd                	li	a5,-1
    1bd4:	245a                	lhu	a4,12(s0)
    1bd6:	00f51a63          	bne	a0,a5,1bea <__sseek+0x26>
    1bda:	77fd                	lui	a5,0xfffff
    1bdc:	17fd                	addi	a5,a5,-1
    1bde:	8ff9                	and	a5,a5,a4
    1be0:	a45e                	sh	a5,12(s0)
    1be2:	40b2                	lw	ra,12(sp)
    1be4:	4422                	lw	s0,8(sp)
    1be6:	0141                	addi	sp,sp,16
    1be8:	8082                	ret
    1bea:	6785                	lui	a5,0x1
    1bec:	8fd9                	or	a5,a5,a4
    1bee:	a45e                	sh	a5,12(s0)
    1bf0:	c868                	sw	a0,84(s0)
    1bf2:	bfc5                	j	1be2 <__sseek+0x1e>

00001bf4 <__sclose>:
    1bf4:	00e59583          	lh	a1,14(a1)
    1bf8:	a805                	j	1c28 <_close_r>

00001bfa <_write_r>:
    1bfa:	1141                	addi	sp,sp,-16
    1bfc:	c422                	sw	s0,8(sp)
    1bfe:	842a                	mv	s0,a0
    1c00:	852e                	mv	a0,a1
    1c02:	85b2                	mv	a1,a2
    1c04:	8636                	mv	a2,a3
    1c06:	8201ae23          	sw	zero,-1988(gp) # 200000bc <errno>
    1c0a:	c606                	sw	ra,12(sp)
    1c0c:	f33fe0ef          	jal	ra,b3e <_write>
    1c10:	57fd                	li	a5,-1
    1c12:	00f51763          	bne	a0,a5,1c20 <_write_r+0x26>
    1c16:	83c18793          	addi	a5,gp,-1988 # 200000bc <errno>
    1c1a:	439c                	lw	a5,0(a5)
    1c1c:	c391                	beqz	a5,1c20 <_write_r+0x26>
    1c1e:	c01c                	sw	a5,0(s0)
    1c20:	40b2                	lw	ra,12(sp)
    1c22:	4422                	lw	s0,8(sp)
    1c24:	0141                	addi	sp,sp,16
    1c26:	8082                	ret

00001c28 <_close_r>:
    1c28:	1141                	addi	sp,sp,-16
    1c2a:	c422                	sw	s0,8(sp)
    1c2c:	842a                	mv	s0,a0
    1c2e:	852e                	mv	a0,a1
    1c30:	8201ae23          	sw	zero,-1988(gp) # 200000bc <errno>
    1c34:	c606                	sw	ra,12(sp)
    1c36:	20c5                	jal	1d16 <_close>
    1c38:	57fd                	li	a5,-1
    1c3a:	00f51763          	bne	a0,a5,1c48 <_close_r+0x20>
    1c3e:	83c18793          	addi	a5,gp,-1988 # 200000bc <errno>
    1c42:	439c                	lw	a5,0(a5)
    1c44:	c391                	beqz	a5,1c48 <_close_r+0x20>
    1c46:	c01c                	sw	a5,0(s0)
    1c48:	40b2                	lw	ra,12(sp)
    1c4a:	4422                	lw	s0,8(sp)
    1c4c:	0141                	addi	sp,sp,16
    1c4e:	8082                	ret

00001c50 <_fstat_r>:
    1c50:	1141                	addi	sp,sp,-16
    1c52:	c422                	sw	s0,8(sp)
    1c54:	842a                	mv	s0,a0
    1c56:	852e                	mv	a0,a1
    1c58:	85b2                	mv	a1,a2
    1c5a:	8201ae23          	sw	zero,-1988(gp) # 200000bc <errno>
    1c5e:	c606                	sw	ra,12(sp)
    1c60:	20c9                	jal	1d22 <_fstat>
    1c62:	57fd                	li	a5,-1
    1c64:	00f51763          	bne	a0,a5,1c72 <_fstat_r+0x22>
    1c68:	83c18793          	addi	a5,gp,-1988 # 200000bc <errno>
    1c6c:	439c                	lw	a5,0(a5)
    1c6e:	c391                	beqz	a5,1c72 <_fstat_r+0x22>
    1c70:	c01c                	sw	a5,0(s0)
    1c72:	40b2                	lw	ra,12(sp)
    1c74:	4422                	lw	s0,8(sp)
    1c76:	0141                	addi	sp,sp,16
    1c78:	8082                	ret

00001c7a <_isatty_r>:
    1c7a:	1141                	addi	sp,sp,-16
    1c7c:	c422                	sw	s0,8(sp)
    1c7e:	842a                	mv	s0,a0
    1c80:	852e                	mv	a0,a1
    1c82:	8201ae23          	sw	zero,-1988(gp) # 200000bc <errno>
    1c86:	c606                	sw	ra,12(sp)
    1c88:	205d                	jal	1d2e <_isatty>
    1c8a:	57fd                	li	a5,-1
    1c8c:	00f51763          	bne	a0,a5,1c9a <_isatty_r+0x20>
    1c90:	83c18793          	addi	a5,gp,-1988 # 200000bc <errno>
    1c94:	439c                	lw	a5,0(a5)
    1c96:	c391                	beqz	a5,1c9a <_isatty_r+0x20>
    1c98:	c01c                	sw	a5,0(s0)
    1c9a:	40b2                	lw	ra,12(sp)
    1c9c:	4422                	lw	s0,8(sp)
    1c9e:	0141                	addi	sp,sp,16
    1ca0:	8082                	ret

00001ca2 <_lseek_r>:
    1ca2:	1141                	addi	sp,sp,-16
    1ca4:	c422                	sw	s0,8(sp)
    1ca6:	842a                	mv	s0,a0
    1ca8:	852e                	mv	a0,a1
    1caa:	85b2                	mv	a1,a2
    1cac:	8636                	mv	a2,a3
    1cae:	8201ae23          	sw	zero,-1988(gp) # 200000bc <errno>
    1cb2:	c606                	sw	ra,12(sp)
    1cb4:	2059                	jal	1d3a <_lseek>
    1cb6:	57fd                	li	a5,-1
    1cb8:	00f51763          	bne	a0,a5,1cc6 <_lseek_r+0x24>
    1cbc:	83c18793          	addi	a5,gp,-1988 # 200000bc <errno>
    1cc0:	439c                	lw	a5,0(a5)
    1cc2:	c391                	beqz	a5,1cc6 <_lseek_r+0x24>
    1cc4:	c01c                	sw	a5,0(s0)
    1cc6:	40b2                	lw	ra,12(sp)
    1cc8:	4422                	lw	s0,8(sp)
    1cca:	0141                	addi	sp,sp,16
    1ccc:	8082                	ret

00001cce <memchr>:
    1cce:	0ff5f593          	andi	a1,a1,255
    1cd2:	962a                	add	a2,a2,a0
    1cd4:	00c51463          	bne	a0,a2,1cdc <memchr+0xe>
    1cd8:	4501                	li	a0,0
    1cda:	8082                	ret
    1cdc:	211c                	lbu	a5,0(a0)
    1cde:	feb78ee3          	beq	a5,a1,1cda <memchr+0xc>
    1ce2:	0505                	addi	a0,a0,1
    1ce4:	bfc5                	j	1cd4 <memchr+0x6>

00001ce6 <__malloc_lock>:
    1ce6:	8082                	ret

00001ce8 <__malloc_unlock>:
    1ce8:	8082                	ret

00001cea <_read_r>:
    1cea:	1141                	addi	sp,sp,-16
    1cec:	c422                	sw	s0,8(sp)
    1cee:	842a                	mv	s0,a0
    1cf0:	852e                	mv	a0,a1
    1cf2:	85b2                	mv	a1,a2
    1cf4:	8636                	mv	a2,a3
    1cf6:	8201ae23          	sw	zero,-1988(gp) # 200000bc <errno>
    1cfa:	c606                	sw	ra,12(sp)
    1cfc:	20a9                	jal	1d46 <_read>
    1cfe:	57fd                	li	a5,-1
    1d00:	00f51763          	bne	a0,a5,1d0e <_read_r+0x24>
    1d04:	83c18793          	addi	a5,gp,-1988 # 200000bc <errno>
    1d08:	439c                	lw	a5,0(a5)
    1d0a:	c391                	beqz	a5,1d0e <_read_r+0x24>
    1d0c:	c01c                	sw	a5,0(s0)
    1d0e:	40b2                	lw	ra,12(sp)
    1d10:	4422                	lw	s0,8(sp)
    1d12:	0141                	addi	sp,sp,16
    1d14:	8082                	ret

00001d16 <_close>:
    1d16:	05800793          	li	a5,88
    1d1a:	82f1ae23          	sw	a5,-1988(gp) # 200000bc <errno>
    1d1e:	557d                	li	a0,-1
    1d20:	8082                	ret

00001d22 <_fstat>:
    1d22:	05800793          	li	a5,88
    1d26:	82f1ae23          	sw	a5,-1988(gp) # 200000bc <errno>
    1d2a:	557d                	li	a0,-1
    1d2c:	8082                	ret

00001d2e <_isatty>:
    1d2e:	05800793          	li	a5,88
    1d32:	82f1ae23          	sw	a5,-1988(gp) # 200000bc <errno>
    1d36:	4501                	li	a0,0
    1d38:	8082                	ret

00001d3a <_lseek>:
    1d3a:	05800793          	li	a5,88
    1d3e:	82f1ae23          	sw	a5,-1988(gp) # 200000bc <errno>
    1d42:	557d                	li	a0,-1
    1d44:	8082                	ret

00001d46 <_read>:
    1d46:	05800793          	li	a5,88
    1d4a:	82f1ae23          	sw	a5,-1988(gp) # 200000bc <errno>
    1d4e:	557d                	li	a0,-1
    1d50:	8082                	ret
    1d52:	0000                	unimp
    1d54:	74737953          	0x74737953
    1d58:	6d65                	lui	s10,0x19
    1d5a:	3a6b6c43          	fmadd.d	fs8,fs6,ft6,ft7,unknown
    1d5e:	6425                	lui	s0,0x9
    1d60:	0a0d                	addi	s4,s4,3
    1d62:	0000                	unimp
    1d64:	70696843          	fmadd.s	fa6,fs2,ft6,fa4,unknown
    1d68:	4449                	li	s0,18
    1d6a:	253a                	lhu	a4,10(a0)
    1d6c:	3830                	lbu	a2,19(s0)
    1d6e:	0d78                	addi	a4,sp,668
    1d70:	000a                	c.slli	zero,0x2
    1d72:	0000                	unimp
    1d74:	4f495047          	fmsub.q	ft0,fs2,fs4,fs1,unknown
    1d78:	5420                	lw	s0,104(s0)
    1d7a:	6c67676f          	jal	a4,78440 <_data_lma+0x7661c>
    1d7e:	2065                	jal	1e26 <_data_lma+0x2>
    1d80:	4554                	lw	a3,12(a0)
    1d82:	000d5453          	fadd.s	fs0,fs10,ft0,unknown
	...

00001d88 <__sf_fake_stderr>:
	...

00001da8 <__sf_fake_stdin>:
	...

00001dc8 <__sf_fake_stdout>:
	...
    1de8:	2b302d23 00000020 004c6c68 45676665     #-0+ ...hlL.efgE
    1df8:	00004746 33323130 37363534 42413938     FG..0123456789AB
    1e08:	46454443 00000000 33323130 37363534     CDEF....01234567
    1e18:	62613938 66656463 00000000              89abcdef....
